,0,1,2,3,4
000,0.028470350228615837,0.008210610425303005,0.030095412175753403,0.013206222054015204,0.01136029198782057
10,0.07348620386103781,0.0207728363343781,0.04216292219450423,0.009485468102519615,0.03822086914911813
100,0.030780179696219576,0.007620885450860308,0.03148015689659104,0.000793541562585481,0.01602568730624091
15,0.006822735162566062,0.009682923211212297,0.01747796257901438,0.00476765844277483,0.0017225488478958967
20,0.026248242835092448,0.012140151365977497,0.034497297667649474,0.0014938520540444431,0.010586751919433791
30,0.010522622471348981,0.009333627849917382,0.024579183595719745,0.007882323527675776,0.008192289350155552
40,0.005167741554721172,0.005571300466441247,0.015882278995781512,0.008491395409401775,0.0047862018777285005
50,0.020619391201050198,0.0050062688603140235,0.02926121806749047,0.009169646279108655,0.005614893976585581
ability,0.04544608927292228,0.0,0.0390003421722971,0.0,0.024199200053040285
able,0.17398912087324683,0.03899952236521141,0.06551882684859249,0.0,0.08168455715198716
absolutely,0.02483168263340958,0.007775382905213561,0.03259999882984961,0.018685352029108922,0.019530901771162103
access,0.02350946731197627,0.0044481600428316476,0.025572789445873476,0.0,0.005915675908780893
achieve,0.038580292237854384,0.00029281103440295897,0.012457504891809563,0.0,0.006631540382438123
act,0.011170521392803485,0.0038448507474508377,0.01858292690788996,0.0019141729691322129,0.01103570221592476
action,0.04491901091283385,0.0,0.005982773042383373,0.0028893138079166907,0.015473134359275616
actions,0.0583882937696151,0.0,0.0024719916357751693,0.0045674127474247496,0.0
actual,0.02011675110246535,0.019293694374289336,0.008756122231694972,0.009788825011833008,0.015474752760632643
actually,0.30322756790079947,0.14578903111955557,0.11082461399746482,0.008192722918975088,0.14516334022940316
add,0.028890811930509637,0.010612976652057779,0.006062246309210497,0.007244670510966066,0.010208127953861027
advice,0.005456488085878049,0.0166823316976791,0.026115671460891252,0.0,0.0074143334540145624
afraid,0.0,0.010176940346732246,0.03174676169997111,0.0,0.00816766884038198
age,0.009979917079064,0.00819669356821378,0.02454765613931754,0.0,0.016027125679188684
agent,0.06665011137547287,0.0,0.0,0.0011344411718180833,0.013945237199284803
agi,0.09355526205662787,0.0,0.0,0.0,0.008234564931762512
ago,0.036013531345653195,0.005297954145783147,0.03673278553302929,0.015657175760754788,0.031078950126697286
agree,0.013314826798394587,0.006002870049513815,0.03617068596402265,0.0,0.018723400742292135
ahead,0.019364795923571168,0.0029883266243715084,0.011148283141043986,0.007421565797745636,0.005562183435174072
ai,0.3700015185515605,0.0,0.00924405344078703,0.0034987361145658153,0.007843825404273039
algorithm,0.10256134515823978,0.0,0.0,0.030501054154151826,0.0017689188871501977
algorithms,0.11505877896478339,0.0,0.0,0.010660832660299973,0.0
alien,0.0,0.0091640003330376,0.0009472153612672978,0.0,0.06465222280920517
aliens,0.0,0.01038083762006695,9.83708343115548e-05,0.0,0.0562837649172503
allow,0.015733576766574612,0.0032679409135340947,0.018987063064227597,0.0,0.0158496537192728
allowed,0.010286138404699708,0.007553124889645007,0.018361283340138784,0.0009559332958554495,0.0024243365457173437
allows,0.017764211241529545,0.0020491211546355874,0.01522994836123435,0.0009517287013028136,0.01965610132013132
amazing,0.04008890855746506,0.020815464894334015,0.024224331405491035,0.005381876583605386,0.014272909067813607
america,0.0,0.0016444971591359912,0.06501516014235546,0.0,0.0
american,0.0,0.0,0.09264071341872422,0.0008444763650456308,0.0
animals,0.013363001222213783,0.014059565485305703,0.01590710900216262,0.003111418724132917,0.023081461122271007
answer,0.057192442156357146,0.0,0.03534050991744623,0.023362886559968977,0.06155189931225991
anybody,0.0,0.009175364935898466,0.03176906535200237,0.01147782946702292,0.0026552642335662827
anymore,0.005933697390948696,0.012795578583927106,0.01313050246855007,0.005639582975589703,0.005762687339932517
app,0.07070852047339168,0.0,0.03397315806600967,0.0,0.045530376669568336
apple,0.02414140844705788,0.0056671367106912495,0.015234699581893201,0.008505460405441034,0.010172476530930752
apply,0.017373810830395398,0.0053366344898810435,0.00585895344839324,0.0051548686857371,0.013159422992524879
appreciate,0.0020352302982770284,0.009043401063247553,0.016226002596596227,0.0029036447388878198,0.010415438230345386
approach,0.05274482206353195,0.004687678957689867,0.013241118155117814,0.0,0.007254144188743332
area,0.028340571108708613,0.0036093178501296506,0.017376627577786855,0.010040249395785263,0.0072126939120174685
aren,0.01011180782319924,0.013582217004931172,0.019126863043206297,0.0003498838365655647,0.011388287476629629
argue,0.016412034245766493,0.0036006249806639816,0.018256810779269852,0.0025155722927258394,0.010525125598544023
argument,0.010099906226508434,0.00014934009097221392,0.03943999445434651,0.0,0.029109805610799445
art,0.013123994367695312,0.02244247657011387,0.0184711216198341,0.010162885575247704,0.002146617839224125
artificial,0.09681954431937792,0.0,0.007493435794883107,0.0034348539541597905,0.03198843679541854
ask,0.06629767554131906,0.011231641619385647,0.06675759098212991,0.026494252327126162,0.06257405556891932
asked,0.006051326348828019,0.007454231821003619,0.02227485502806875,0.01745935373853103,0.015864663064781362
asking,0.01733014098100204,0.007973744751104213,0.013935246373692063,0.008012979334176693,0.01761811071499696
aspect,0.02941471366397021,0.011064189315928674,0.013504619741959812,0.006759438968873697,0.015970967478451923
aspects,0.02770319079319751,0.001865959131516769,0.013461227332027153,0.0031125099242951234,0.013253105235898092
attack,0.001482466594246881,0.015907091468248178,0.01660305489897706,0.008710071800298702,0.0
attention,0.02744278818637683,0.010942587103299588,0.014493460857644117,4.618941289662598e-05,0.01242513677229945
autonomous,0.11462539180086653,0.0,0.0,0.012410679616705583,0.0
aware,0.01077055122541574,0.009929692516592958,0.018256319859096596,0.0,0.011744067602192518
away,0.01775818080315395,0.027604793350975813,0.05374023628770948,0.017490281125715504,0.031734630430792485
awesome,0.009396042150454254,0.021824191602256262,0.0,0.001348880069336023,0.008056841415636567
bad,0.013182252004625401,0.03529226655179053,0.06615065599547171,0.017060156364385258,0.0024012001461470285
balance,0.009720833019595072,0.010791592519202779,0.017233530403081,0.0015097465222991132,0.001043420946861671
based,0.06196462341857242,0.0045253768153653414,0.03343548547963328,0.010105776263219325,0.020372578946873752
basic,0.032044805722999746,0.0077792276488340755,0.013185190017507927,0.015015177913685894,0.03152658301343549
basically,0.07514649909427491,0.05624957766475083,0.031686277374777125,0.026211204611505123,0.09003656978071255
beat,0.014016262688771491,0.02141722170663832,0.005245838631075947,0.015640319954010842,0.0
beautiful,0.03574529329898125,0.024944005474948988,0.025540714542467247,0.009870764204012748,0.06854683012023963
beauty,0.006683985874594502,0.010305051034058318,0.013800141896657275,0.005442155642614486,0.024879422150444103
beginning,0.015323224044036823,0.005852206099964252,0.018114824573834183,0.006077677230726914,0.021261106436782664
behavior,0.048312479968035435,0.0015769727536269953,0.005491080963190168,0.01014695223649112,0.025131562216746534
beings,0.014565339446812533,0.0,0.032511574301822374,0.003490795230451259,0.02638787199256269
believe,0.03533935358405741,0.02175292453793312,0.0900800857292928,0.009085514582710825,0.04467077094614243
best,0.04235516426331925,0.03937166234169201,0.07318235190378655,0.001758884723604087,0.01671385955769073
better,0.1276127166481311,0.04399732675516392,0.11394727166507727,0.004793345618785054,0.029429245829253246
big,0.07768991155454442,0.04493472945295996,0.0870440041328566,0.039164138623046754,0.08782330355448768
bigger,0.019833919660396927,0.010124918501269701,0.022107015614761014,0.0027353561324495275,0.014535888197502952
biggest,0.02012822653963532,0.00944262255157436,0.017155306223223983,0.0,0.005905663669540883
billion,0.010012772483017908,0.002623655734626794,0.02833784893473063,0.0,0.03783457341407956
biological,0.030045199064575253,0.0,0.00028798184828206626,0.0069375995705062265,0.03685908951786993
biology,0.041950551717019016,0.0,0.0012700022897499702,0.0020461063780414157,0.06638738345734284
bit,0.10018210987811299,0.05623193711235776,0.04450351799745594,0.018794752601135098,0.06827345253932837
bitcoin,0.0,0.018248815521260002,0.11550101902087791,0.0,0.0
black,0.0,0.0017827951901370847,0.033613518448456836,0.01212514194761857,0.07487890677205507
board,0.02485102867341226,0.006346432036872487,0.00865740163045733,0.009111607438119214,0.0
body,0.018619156068176965,0.026797778352299056,0.025704758514265975,0.015906823328543002,0.03418926258422785
book,0.017873979309689488,0.021838542252745022,0.07530002909221654,0.03617978992480952,0.06175151045508938
books,0.008850852018751578,0.015287279138922453,0.026522106427350964,0.017900067814890966,0.01984074495534373
born,0.008784716809874133,0.005671667547452131,0.0221188015089968,0.0016590427790475566,0.019839290953623388
brain,0.1562370876304186,0.0,0.0,0.04218819867835664,0.17000038456238487
brains,0.020937300429796753,0.0,0.0,0.012154780872756864,0.03815762060611771
break,0.012097331488469702,0.009771055876664428,0.01776764080306786,0.006621701761001705,0.012516167796238157
brilliant,0.01683544572975666,0.01238623027834016,0.013863891997122445,0.008903882812254354,0.014377565287048656
bring,0.010389790697440249,0.015480113477757034,0.03237084619779623,0.008016861296712445,0.014020035622214426
brought,0.006583369041045793,0.007093481758387584,0.01648082523177008,0.007076430847651094,0.005856170736932666
build,0.1375425289277647,0.013330658117052271,0.027753792739197657,0.004951917331200397,0.03144475859839355
building,0.07255683746252752,0.010491771128446011,0.014700220300029033,0.01723510899649459,0.013257204826374346
built,0.0484261489966138,0.009837345743901499,0.013863100082720582,0.004599846978561902,0.012735156007759136
bunch,0.03571491867082202,0.031067305379765896,0.009350830307631083,0.02143513265157037,0.020042016258225503
business,0.01991785524596097,0.013675403447194149,0.04930084999457645,0.0029170646326052087,0.0
buy,0.017176817653798263,0.008424024182035488,0.03142046987453721,0.001041619459821373,0.003455799553815527
called,0.04120434280241715,0.014769316496174729,0.05772578392484962,0.04869889328416927,0.07730647034061454
came,0.0211515565323061,0.018228626563785853,0.05458091729638501,0.026110202911042598,0.025110414728471968
capacity,0.01168657896206468,0.00033556002833408166,0.01987253544051145,0.0,0.02070263164494508
car,0.08557101244028438,0.024140871159848653,0.00465203636394657,0.006536027855578637,0.0
care,0.01668648402475516,0.015370983660548855,0.04287457837856239,0.0076432346756185165,0.012258544517016459
career,0.0050612886421858745,0.011935796238724827,0.023627932205301638,0.007431303864555727,0.005922448162680559
cars,0.08081372357252319,0.011847002800823042,0.0,0.0012131695002777305,0.0
case,0.050900330130597776,0.008957595524883281,0.05584952840106932,0.007196425200270433,0.03991867934040285
cases,0.04562303288531984,0.005241136298450294,0.016408173816969907,0.0,0.009816427021039556
cash,0.044114701762731495,0.0,0.027713010376974483,0.0022227139051525643,0.030490331906216136
cause,0.0,0.050334043495923256,0.010309484184835009,0.02656336490150072,0.0015941521724327059
cell,0.03594752488670954,0.0,0.007058811954773132,0.010936623755740092,0.053062436099330625
cells,0.05346080221983149,0.0,0.0007291050922886588,0.006527917694741111,0.0752024450147646
center,0.001755040138232386,0.007818360935430244,0.01589103658050402,0.0025164048387230397,0.015594506641471991
century,0.0,0.0,0.05298994100684191,0.0,0.033248395038374526
certain,0.05937866296793759,0.01842682251929898,0.054477894648220816,0.002278787482319148,0.05484750710446814
certainly,0.039969070552687086,0.0,0.040526156746278574,0.0036292498033080214,0.034709399575758394
chain,0.00925784050052455,0.01568499562278331,0.01104339551637194,0.0,0.0005052816658206802
challenge,0.049566027098249615,0.005384983100322714,0.015335084736925974,0.0,0.007084830487697668
challenges,0.04298172401138989,0.004555249087412121,0.007474536530883722,0.0,0.00426756829822948
chance,0.004465844731823236,0.01449204648914046,0.020214229392194867,0.007041427374181065,0.012668841722695052
change,0.047440498316672484,0.013531923181849462,0.05197418799614993,0.010064661126412232,0.024058173837016812
changed,0.015137085665066143,0.00526048955666254,0.02538626610145453,0.006710288713063485,0.005688287371823215
changes,0.015752405532521028,0.005947085336998555,0.017929903570985065,0.0,0.010480560551715744
changing,0.020260203729904187,0.0027798323171172997,0.012761586826603942,0.0102272950490214,0.007975975996354962
character,0.0010013584722695476,0.0126709680855372,0.010871064923210794,0.014367459099099734,0.0022041223737772893
check,0.0040371012939036935,0.013857459169737204,0.01755858142064467,0.010367018823095346,0.009532249686625959
chemistry,0.0,0.005871502222643342,0.0,0.0,0.05513992425565415
chess,0.06091359458408549,0.053154210634135744,0.0,0.014065138216661461,0.0
children,0.0005122656276669212,0.0,0.04680490744270071,0.006142530105037949,0.010690168021143406
china,0.0,0.0,0.09488806908246007,0.0,0.0
choice,0.01192954296289184,0.0036979232265905017,0.02971684117234569,0.002430560667315277,0.007437814433892009
choose,0.011097674860981,0.007009214500592931,0.023447698973191124,0.0,0.007151654757482961
city,0.0029087292816686538,0.0091369453633931,0.023113681141391423,0.009821932902400347,0.0
civilization,0.008283300589333915,0.0,0.03074529854137762,0.0,0.04548035415235936
class,0.03165503138755489,0.001002907232991288,0.034528328165597914,0.01510415088691862,0.00016027040891991863
clear,0.029350141243867086,0.005872995676017067,0.026998732367619863,0.008644398884252103,0.015006060012133829
clearly,0.020151979026001604,0.0012649817632080609,0.025313395061510466,0.0,0.01201199571638179
close,0.014192856167165644,0.01439584526749677,0.018182498453331458,0.011380916527489206,0.03153776916159766
code,0.09433537625285118,0.018503295233833247,0.0037953528308822,0.020118718513285384,0.00746615906808677
cognitive,0.03826871213308203,0.0,0.0,0.010489631320379571,0.033580014637823216
college,0.006633833478291671,0.010231432991663425,0.0198128114921485,0.008790107608520887,0.001885557787966855
come,0.0529380565070439,0.03995848799371997,0.0893370221354541,0.027520399058834154,0.06286698891749448
comes,0.02257793319588072,0.016788951108524307,0.04967612807206923,0.010845808593114561,0.035770912874175734
coming,0.017738183616178325,0.020833957954068064,0.03442231721281479,0.010014106168032322,0.026348827229723988
common,0.04094502216399528,0.0,0.023164393276127168,0.003382315596950913,0.016432224001015443
communicate,0.013286501820436393,0.006363582517101714,0.009648560568263574,0.0013987075347432307,0.019242763517524998
communication,0.023061076370649507,0.006081418775459013,0.010321091737059212,0.0,0.020175413308820618
community,0.05022809014377614,0.017510484987804605,0.02673190852572417,0.003800004088225136,0.008438227618849594
companies,0.06481783594261227,0.006454814307077481,0.05321958452141507,0.0,0.0
company,0.05284159132234877,0.027156540149121163,0.04669763995448988,0.0,0.0
competition,0.01186678897899364,0.009248237472406093,0.028027978340270005,0.0020162853725775535,0.0008790457484494547
complete,0.012841756076267617,0.003005018198405329,0.01245096883616259,0.007280929162871994,0.008869021790633128
completely,0.020858298292869115,0.011297919938559964,0.02947275340399639,0.02036309694602127,0.03535523836627655
complex,0.03804382552856825,0.0,0.009002748362682684,0.011338095630086741,0.04147843672976084
complexity,0.03371424809822697,0.0,0.0,0.02444640617047464,0.039034607261379195
complicated,0.029126356822275178,0.002156385629019912,0.01183787169974509,0.01702060841368875,0.03210000822665878
computation,0.04774795829080758,0.0,0.0,0.023879543667134875,0.05813908761748592
computational,0.01644963530421066,0.0,0.0,0.038434965648070495,0.049169281824536615
computer,0.1362859295290641,0.0,0.0,0.08159091639887145,0.05794247687408438
computers,0.054229443306162355,0.0,0.0,0.03336989946811065,0.023374007686301247
computing,0.03102695035657151,0.0,0.006718795410101055,0.03002928939447483,0.015930492768960736
concept,0.02511380291304385,0.007527012197396909,0.009524639013570153,0.009119219606022641,0.023340194401829443
concepts,0.044167967289393865,0.0,0.0,0.004061046300288833,0.019202490460141487
connect,0.029044822434156032,0.001968262472869152,0.011780146612016722,0.005036797492100649,0.013303593960186249
connected,0.012998878954803277,0.006399582533356824,0.011820959904188539,0.002849086431273534,0.021650749337074397
connection,0.016971720040300363,0.010957120038858898,0.01149007312315408,0.001970506755410949,0.01866338413940137
conscious,0.004935206160817942,0.0,0.0006002044706121905,0.0,0.13060453950001924
consciousness,0.006823609355639782,0.0,0.0,0.0,0.2920058508221635
consider,0.020295169087455333,0.00300940965498611,0.013186697011439482,0.0023494245591212134,0.009454345193690285
constantly,0.007660160123813212,0.010195871241403082,0.016031440602792116,0.001410109598056642,0.005930168503541624
content,0.02949538210978213,0.01237579399772815,0.011424946738814211,0.0,0.0
context,0.03367671057936501,0.007673571411642853,0.021059378758821308,0.0032555763166439862,0.009333925450423454
continue,0.01837786931790855,0.0023471670249379634,0.018706313497304325,0.0,0.006171004095662044
control,0.062191367119215135,0.011198393160629627,0.04461663771914273,0.007180633106090275,0.006453455416291308
conversation,0.057366817956401375,0.016657793647027224,0.06936130948728779,0.006344792534479541,0.034826145757723914
conversations,0.007117720687784068,0.013444096425472804,0.021249720184686925,0.0,0.008855753019676178
cool,0.025452567332155344,0.046550411397702156,0.0,0.004434021025014892,0.00923628935720623
core,0.02913948179990269,0.010365620162408285,0.009867444133276516,0.0034681999211613208,0.009039743243591197
correct,0.023848256792055527,0.006054580575024117,0.016369832068882647,0.002120934318989373,0.01880880828595737
cost,0.0337200047730628,0.0041102364398591384,0.02863834035038419,0.0,0.002248088989980625
couldn,0.010519556331976116,0.00818632219382766,0.024758938292936745,0.02274281099088606,0.012911937692950846
countries,0.0,0.0,0.058322905843850824,0.0,0.0
country,0.0,0.0,0.11157143206802758,3.7277165164741546e-05,0.0
couple,0.02243552775483079,0.01798525710113192,0.018224988316968532,0.020944073568010056,0.010701357082689255
course,0.07018195749342576,0.0,0.07116817602114586,0.01797114658810176,0.06269463130526443
covid,0.0,0.0011738738486027432,0.060995074490107694,0.0,0.0
crazy,0.007086829570191698,0.026953827136107583,0.016192386820491792,0.0031402810800453753,0.014329809489882245
create,0.07115144056388024,0.013574947571161346,0.04365897091620422,0.0,0.03747817380953362
created,0.018326942598182308,0.004316359256813018,0.03278536746398811,0.0,0.021191169857669213
creates,0.011756197426384792,0.005492498917462519,0.013807559583671417,0.0010475766454280562,0.007218692318821633
creating,0.034013862806926115,0.007612922147170863,0.020518551709426604,0.0,0.01260121973043253
credit,0.017355889693598914,0.0,0.026882577663483266,0.0,8.552492486975985e-05
culture,0.005111266436167565,0.0067764387333941935,0.04788746667416223,0.004918080853507306,0.005843568382656439
current,0.05081099287187458,0.0,0.012042635948726902,0.0,0.017924102529349655
currently,0.028884470909136446,0.005040804283483298,0.01353262120092655,0.0,0.01085074205096599
dad,0.0,0.023504185654244326,0.018529005127639674,0.0080546298044258,0.0
dangerous,0.002437543769595744,0.0015295333644082375,0.03417651996633366,0.0,0.0070687738910203066
dark,0.0,0.014493217783598881,0.011451208914430357,0.0028744551124541546,0.031770113106967986
data,0.334629513277779,0.0190553450635013,0.03203089707703976,0.0,0.0038703955601017766
day,0.016494160888452243,0.06654490015401775,0.08444142870609131,0.02823142081332395,0.01132330107644009
days,0.024412143060887428,0.024457651480608227,0.028095544213495107,0.01627676656167587,0.007846356705428433
dead,0.0,0.005468250953657187,0.014268058381568314,0.007539634700425,0.01722532976553534
deal,0.02617718092274006,0.0032713903193331605,0.03900104789818016,0.0,0.002963208477947727
death,0.0,0.018341184925346605,0.046786425721963634,0.002439017273023483,0.0327188695607176
decades,0.02080289527724456,0.0,0.016653162923015365,0.0,0.013762721082451395
decide,0.014691631590725606,0.0026805708695253365,0.01910430871002417,0.0018053951505331866,0.002126377298962508
decision,0.03787189777522832,0.0006354263832848162,0.034075423329211096,0.005430130282656102,0.0006863006824869174
decisions,0.03801882073693732,0.0,0.03232349432556951,0.003731767002015488,0.0
deep,0.15994824032743774,0.012074609063451222,0.00027231676620760337,0.0,0.021177456192912367
deeper,0.012535228691770076,0.003932516100624456,0.005623925284078453,0.0,0.024638156786879962
deeply,0.007973686115428934,0.013267034335509494,0.02165404526644313,0.0,0.025497330980060035
define,0.02452451555966003,0.0012614614761634817,0.008624869862992946,0.0,0.014417742241714092
definitely,0.03275663968505961,0.03768329388742102,0.0054710481787356305,0.003983818607536141,0.0032362154878488
definition,0.020197613089274005,0.0024932713475930048,0.006898206801707325,0.00993116335539325,0.02324889823148554
degree,0.019651549003113476,0.0037602295532573058,0.017499623111638815,0.0,0.013883248330170326
depends,0.013976378878696061,0.005423813883467022,0.009116205983802786,0.003740006663057837,0.013427672919032206
description,0.0034905477871735122,0.006190802951726472,0.01185910748690209,0.004354285830487486,0.022957907235970392
design,0.07441655766471268,0.007719770443166069,0.0046580015644019125,0.024190648662378213,0.004315620232036577
develop,0.02070356931804528,0.0004975429162822182,0.015012922764380885,0.0,0.017342384263800234
developed,0.022596652784049397,0.0,0.01309748277059331,0.003748485049872383,0.018338154315041506
development,0.0279207183750235,0.001458109570113489,0.016960189988379275,0.0,0.017592655746278538
did,0.054937534611490306,0.07565962562167078,0.1371676852054268,0.09797255960090578,0.037761391213689856
didn,0.018214846365884305,0.05102849626299193,0.11637348169478604,0.07018944361462234,0.03324816285504397
die,0.0,0.014100559449989917,0.028383273321874923,0.006140104524624959,0.01933403092560414
difference,0.029427772469817776,0.0032002591027151537,0.02597627228273887,0.010348304163338427,0.022668416525970014
different,0.2132927002887435,0.0649518740275653,0.11054911836673302,0.03945148726056545,0.1614022807226129
difficult,0.042929078527888305,0.01571626483000325,0.054296012344838836,1.4789732613940735e-05,0.03029150991018154
digital,0.03600065292850094,0.00423102180660581,0.029957392637524047,0.0,0.014813211148857858
dimensional,0.01807608565406261,0.0,0.0,0.0,0.05899445931292423
direction,0.022807961545493884,0.005570826949651196,0.013598143264519993,0.0,0.020980099483882957
disagree,0.005162276094960397,0.0,0.028777844671557844,0.0,0.010134131206572472
discover,0.022306488301917102,0.0,0.013117660550728528,0.0,0.021214839165024403
discovered,0.010058222822219236,0.0012967792693630493,0.00893305048211379,0.01198728349388796,0.03134155203363097
discussion,0.015329537919264433,0.0019383915890652992,0.024413296117995635,0.0007527195391034743,0.006160613106048479
does,0.09637545018945956,0.04129117229664341,0.10165719055492897,0.04220390332083143,0.11893750561972408
doesn,0.06080353797380511,0.037338238356315466,0.10726596284122265,0.02331939086897868,0.076659820570931
doing,0.12435721042582983,0.10044400059967348,0.10255947270817568,0.048723556831083155,0.05075166660079472
dollars,0.002350109939269085,0.01215416366225196,0.02659097209768941,0.0020388956155879194,0.0
don,0.20173661068790277,0.28837821510139244,0.4355189096802214,0.17539384563913452,0.25944319295224055
draw,0.015067486942130844,0.009697497401395479,0.004674585840589224,0.0,0.011447961228662429
dream,0.022094747085678393,0.0025117883925369084,0.018343188855502308,0.0,0.022650885110324717
drive,0.03960840851757292,0.008001524491545177,0.01151787716201506,0.0062983793812485195,0.0
driving,0.12153771669853164,0.010763869506117702,0.0,0.0063440502624206845,0.0
drug,0.0,0.0,0.07145537554677309,0.0,0.0
drugs,0.0,0.00580028049182887,0.05324429595181883,0.0,0.0
earlier,0.014458795605241237,0.005654368449384899,0.017960124277726083,0.0,0.01603231440298806
early,0.0389601375048856,0.01630314015267879,0.033368150274318754,0.012822808072460029,0.025914820357635236
earth,0.0,0.02623719368650743,0.005254400027265969,0.0,0.14508502279525584
easier,0.027737987113043996,0.009992053258739687,0.010239182184898436,0.00502982011808805,0.005872778879647793
easily,0.016675160973267662,0.0036242778004539943,0.01185997364466377,0.0,0.008668465992365608
easy,0.038333686519484066,0.011135824559062113,0.027350886605184154,0.009793270837715074,0.014379051644039022
eat,0.0,0.026240153760543204,0.012472827822355837,0.00801985807638301,0.009731042542716164
economic,0.00182995968154598,0.0,0.053354098489017135,0.0,0.0
education,0.024166222497210794,0.0,0.04476639660471432,0.0,0.0
effect,0.018315735693018642,0.0,0.026956675352896253,0.008817640548789306,0.021645387054521542
effective,0.025726627879951024,0.0,0.036935487631932266,0.0,0.0
effects,0.009559479436769366,0.002311853433437826,0.025212629285201432,0.0,0.01365989607277223
efficient,0.03180974536288747,0.004033813232423161,0.0018009198080515712,0.01250334668054392,0.00584549997074373
elon,0.01703126653680233,0.02248607203186601,0.025524386565137155,0.0,0.004003530087933311
end,0.047729647839799466,0.025310539916529293,0.06095131398691581,0.02299361063620456,0.026855641474574598
ends,0.00677476358461162,0.005499912104856542,0.013585932598305962,0.0030637048944212944,0.010454858056643439
energy,0.0,0.003883801948284024,0.030673927023277283,0.0,0.09888048383440184
engineer,0.029548921347209163,0.003924160022236475,0.010265001199778178,0.0058809842518992095,0.011754138593418319
engineering,0.056141918588051114,0.008963711041489967,0.015188382820734954,0.01253971603490555,0.03484842715805791
enjoy,0.02280585633605725,0.012648464540906144,0.01302045736537959,0.0039259257875098996,0.015401547760561794
entire,0.019335544724874955,0.010182588962818045,0.015687466820647745,0.01087952112698881,0.020419712228546855
environment,0.05645693670231719,0.00403950681505576,0.013969110809526602,0.0,0.028058836166640195
especially,0.030966419414392213,0.026803246150393,0.039090761190251254,0.006319321150006911,0.009284983278437898
essentially,0.05725899341752451,0.0,0.008865800173136918,0.04596085512335726,0.016352179301162863
event,0.004474756099361579,0.012394914270742406,0.0055245600774669916,0.0026380360437405145,0.014276424326670716
eventually,0.022986949510808926,0.008109678452017747,0.01615245426975147,0.009848654575142834,0.02130949052522033
everybody,0.01327109976930956,0.021547035685695506,0.07775099211405984,0.013662125191112194,0.0013601817659345448
evidence,0.005197783475806309,0.0,0.02934120972029046,0.006768171357256227,0.052299075996921116
evil,0.0,0.004493367966092152,0.05661389272838344,0.004542395324143775,0.010063996898031075
evolution,0.04320617372203668,0.0,0.0015934761938463783,0.0,0.0590973993052717
evolutionary,0.015357182375049528,0.0,0.008481734490475502,0.0053150064906809825,0.043148560074348405
exactly,0.04556600752216717,0.03202028269413317,0.030631245665962484,0.02219191273806733,0.043662625036561445
example,0.11747257760045542,0.012510043434156064,0.06193625350715779,0.0037264189280329617,0.04819782740064948
examples,0.05490738773240591,0.0009682762847347989,0.0009901469342449192,0.0,0.010991858811397642
excited,0.026237371708317074,0.012072099756708334,0.007850869268747581,0.0,0.010718305927549602
exciting,0.045812230503493485,0.008669559071196778,0.006234802823427287,0.003025090251905482,0.020836112947087884
exist,0.011926753068638921,0.004943952796350155,0.015358979632164834,0.0,0.047754554008882406
existence,0.011748662697181375,0.0036058743074627356,0.004312399135233111,0.0,0.04207131304643535
exists,0.013879638104660528,0.0,0.0111656859333375,0.0024450247984576993,0.0250790518385211
experience,0.056125715609448755,0.03472926144137002,0.03286921436162846,0.0,0.07347822825849142
experiences,0.013426139422387108,0.010461186595174395,0.009925531406580191,0.0,0.031811788709805014
experiment,0.016906377212381918,0.0022798137508509065,0.01022712426403897,0.0,0.04714362241980017
experiments,0.018812256143470284,0.0,0.0018810953231913092,0.010729200483680666,0.048510539325433186
explain,0.017510944397725495,0.0019110908243329403,0.013082639140763167,0.016478523192934184,0.027035283913481405
explore,0.016344102361056746,0.006539890937360451,0.004558292912883446,0.0,0.020003261302906902
extremely,0.019570875511703598,0.008782755637513911,0.01721993849146859,0.0013615971268742474,0.017846169326033036
eyes,0.009223456682541292,0.008989071125085287,0.012380505429957597,0.009003835249765736,0.01775613013053617
face,0.01562985745117594,0.013926181005315718,0.028822862260297104,0.007060310331056384,0.006903954906202215
facebook,0.0355184802746657,0.012440279664385689,0.016254148098458827,0.0,0.0
fact,0.054362133462574395,0.002561605160981989,0.07419182285690672,0.018186277643384666,0.0868957249761504
fall,0.01283265832435572,0.009393973777302679,0.016523910510044145,0.0,0.012759107700957313
family,0.0,0.012547930798552277,0.05012523860194267,0.02201679464956686,0.00013070433932246811
famous,0.0012600174930571027,0.00898226451275363,0.013949192267722198,0.004489235988602325,0.012573973608741637
fan,0.0007755103106902528,0.018883760613848614,0.011022499439733522,0.003615561088159506,0.004163423187506908
far,0.05291106007221479,0.008841470476447136,0.030476049500740957,0.0,0.04801828194694606
fascinating,0.033004255432831996,0.024959772985176116,0.026435750640900244,0.008486265510549124,0.025708221051935168
fast,0.028901770386669672,0.015833125051909574,0.00820283417603595,0.01445191984768141,0.009047326854055593
faster,0.029948450842261005,0.0058717494250879795,0.007076840194541166,0.014511266607221891,0.007898877993838394
favorite,0.0168538818938397,0.012070186741946973,0.009039428530876963,0.012217729630665738,0.010603486276618066
fear,0.0006949660315299811,0.006513682619874526,0.03908828958022951,0.01707824628077244,0.010438666522844801
feature,0.025063173873992022,0.007021892767312247,0.0,0.0,0.019145838429230507
features,0.03203035076091169,0.006670092299793346,0.0,0.0031399604992450474,0.01289020791161916
feel,0.021664204810697918,0.11023919403181451,0.05073693298330124,0.0015173443989997225,0.03876978941392974
feeling,0.0030873843641130946,0.026966858518295656,0.01849176183379331,0.0022641059176671556,0.021153498209014715
feels,0.02216175675530516,0.0365171590288295,0.008289506113548334,0.0,0.019526992668349955
felt,0.009541836473857162,0.029435931994709043,0.01801888178201305,0.0043305211138766325,0.0056619083515019875
field,0.047454510597973516,0.0011672289736639166,0.0005283836346468215,0.02195462673586115,0.05452458576879331
fight,0.0,0.04442267137169557,0.04858662932506512,0.0,0.0
fighting,0.0,0.019794787105546063,0.027121733438706302,0.0028644766504187483,0.0
figure,0.04587432865660659,0.01828556141753075,0.028491398742972927,0.02086302515217635,0.020473615631213467
financial,0.011027812686465147,0.0,0.03920269015769554,0.0,0.0
finding,0.0168008892167798,0.0033220195022708107,0.007893703333015738,0.002569282725049865,0.017464331562924134
fine,0.01648645821734569,0.012075515863685191,0.016268813726319553,0.002712420191585914,0.005408835695192233
focus,0.02907832520702645,0.013440310738795255,0.02272349329278274,0.0,0.0025935914694353366
focused,0.018704088107451656,0.009357605638299054,0.014185429695780705,0.0,0.0009965735434463554
folks,0.011307382683071064,0.016053624769440184,0.01576769892730614,0.003639480437736647,0.004910504238990409
follow,0.006740494213631905,0.005639759383582267,0.02055378482798373,0.0054024594042724325,0.010385396151509846
following,0.018754726261754468,0.0023314493009995107,0.012292605717134723,0.0046549816658396906,0.0136735230665605
food,0.00039051896073285597,0.028649669135072282,0.01799152503080177,0.005884262133163804,0.008172462963519356
force,0.0,0.00043775302752426914,0.03868085537274737,0.004366659884098157,0.030988756922607018
forever,0.003491929221262062,0.011107208234099641,0.007940081688144023,0.005612523248482394,0.011722573678380857
forget,0.0,0.012513413584240969,0.014882693916876272,0.008115865853046507,0.007737046079101277
form,0.03646160885872432,0.006981401129114693,0.023730773464465657,0.0,0.04183929314557948
forth,0.024106020381293437,0.0,0.02366896713022827,0.0,0.03396667820778839
forward,0.02231013982534709,0.006208552289866917,0.01793463387989529,0.009100471237038978,0.00964509573607472
free,0.008150114658095418,0.009101643506016945,0.0489486558859875,0.0,0.043795074149280855
freedom,0.0,0.0,0.06724992427495041,0.0,0.01825502046329024
friend,0.0,0.020678692102731586,0.02018549158787767,0.009083538502668185,0.006165142616668506
friends,0.003530481707427878,0.02370302378300319,0.027056133185069102,0.012004413340971676,0.011084456352303148
fully,0.02060804293244898,0.007213483898231148,0.013645486019480405,0.0,0.012648250598934168
fun,0.027119311846987543,0.036973307017267455,0.014335844760399619,0.007969656406422297,0.015068829977137977
function,0.09256671981699373,0.0,0.0,0.033786391765653415,0.04090446888454152
fundamental,0.034182654778301576,0.0,0.009170588119929872,0.0,0.09836701237392315
fundamentally,0.02217081119732736,0.004677935131561247,0.011717160724261648,0.0027792100471169356,0.017633649171115234
funny,0.0,0.03010477046639716,0.017718011978925738,0.00793012913428403,0.005856789618176124
future,0.0791597934902561,0.0011961993391947964,0.046279137415636225,0.0,0.04896666626560664
game,0.11860969699086148,0.06646721769606148,0.0,0.009620831770386773,0.0
games,0.07681460028505648,0.0361686611150127,0.0,0.0,0.0
gave,0.008439130846476003,0.005306891819034405,0.027118981273104355,0.013877836287329831,0.011427272516190386
general,0.10078323271034621,0.0029876268653361185,0.02271305775668326,0.0,0.050915203062779794
generally,0.01865809123815636,0.011010857245711636,0.009736839434490361,0.0,0.005703356050101421
generation,0.018591570083236517,0.0,0.023599794354152114,0.0009459961036653938,0.013497479469451876
gets,0.020818408620750965,0.021701560016101875,0.039228051812887674,0.010645300061608564,0.019277349294456018
getting,0.035589754267358234,0.04309692392626839,0.05290084822513542,0.016484428704670692,0.021530727298391103
giant,0.010685058099396032,0.01031485889811645,0.0021168153723166772,0.007474481048872917,0.012350055075383245
given,0.03517359080722346,0.0026184560546916656,0.029406692224827693,0.0053038294983842795,0.0205708946283485
gives,0.020546910700378822,0.00683598434504228,0.017336988583443624,0.0031211201047094002,0.026852216477890305
giving,0.013378719366990907,0.007655434306279246,0.029337962611842204,0.0,0.004094684973983896
global,0.013214941421533281,0.0,0.03409226523037833,0.0,0.005756558733609219
goal,0.05453309493620391,0.00942377745566239,0.01078099160657465,0.002712495214870341,0.007293002243385905
goals,0.039764586425551335,0.0016864092507372045,0.0036461410384130404,0.0011758011548786624,0.012383879207739886
god,0.0,0.011732236034987877,0.065313938071563,0.0,0.07471226330935642
goes,0.01071258350709621,0.026441541752367046,0.04314445819915548,0.015990062521262578,0.030996662080520723
going,0.1124906196250426,0.1252971004245793,0.282849048468828,0.15971927594565213,0.1061225435841425
gold,0.0,0.0,0.06822390760757456,0.0,0.0
gone,0.0,0.01048265889974877,0.025207836885780027,0.008202979705064025,0.009560124596405352
gonna,0.0765938736934697,0.17862812949317164,0.11330415929300544,0.0,0.014251674126857596
good,0.18023491681115064,0.13062775548316016,0.20809171548616523,0.042556021766456814,0.05355854708550974
google,0.07391036072012026,0.006400319586237717,0.01762089286443793,0.0,0.0
got,0.0,0.08785841343837998,0.13391321986255553,0.12323654890082633,0.06570004001420383
gotta,0.0,0.026632414443896697,0.008110485165916477,0.011320961688854717,0.0012809521200465984
gotten,0.004886090349938208,0.011380709966819978,0.017605210679635493,0.0015012713260930163,0.007119294661940174
government,0.0,0.0,0.14585845060841568,0.0,0.0
graph,0.03345655977426043,0.0,0.0,0.04153560467606172,0.018101103059931265
gravity,0.0,0.0,0.0,0.0,0.10867487168368864
great,0.05093920524519278,0.05261401218650557,0.1353158983218973,0.018320052013049242,0.028879331517773256
greater,0.014986936519440636,0.0,0.029079676137810002,0.0,0.011389691307374238
greatest,0.0,0.012084820929078565,0.026923013405910898,0.004262256539629757,0.014089640702702745
ground,0.012811894873791366,0.010269762229728951,0.015561023911489858,0.0,0.01024961568287428
group,0.014481082832836405,0.005810189593552753,0.048433140102988596,0.012224323609634186,0.006697110338914206
groups,0.012567720102488762,0.0,0.028096881004089434,0.00928957662564579,0.003701551055420882
grow,0.00916250917000188,0.009354025334586768,0.01966564037286395,0.0,0.0054336580381415985
growing,0.00855254501884632,0.007542855942874705,0.019101302851014846,0.0,0.004457399424288264
guess,0.03583171699120205,0.045323510935880745,0.01086103685792355,0.013112171955391033,0.026594103118816534
guy,0.0,0.06266791403753685,0.04806004064604476,0.04124027691968919,0.0
guys,0.0,0.03402413118155928,0.03167440644033381,0.0334322208760614,0.0
half,0.006078706577612605,0.009897216851003511,0.02739928821331839,0.021078731591919864,0.007882561793766616
hand,0.023973960473890693,0.010511069196416365,0.021886098757665794,0.017400753036396124,0.020656171654746036
hands,0.010785293529422696,0.009522904604270247,0.013977399324090176,0.01487291650902191,0.0005160096384594923
happen,0.04150445895671321,0.009891612296691155,0.05122787053365117,0.021418651547838202,0.036988898294744874
happened,0.010889894190530623,0.014284888998284256,0.05025879670497786,0.0216014085575214,0.024733883876790486
happening,0.01614891543668461,0.013668650706823559,0.029550597058453074,0.015876081402660617,0.01602945030722094
happens,0.015664464340883026,0.014431758641513354,0.03259715009078623,0.022871586522618247,0.03712761045364605
happy,0.01032893031620903,0.015956084250127574,0.022713148089107273,0.003957640957294325,0.013329691109582502
hard,0.11452752303963076,0.053180400362820186,0.0556962169504501,0.011965909115099968,0.033622573985283156
harder,0.030922912048348357,0.006030867174780125,0.008522689078303823,0.0019368532589065493,0.003976476950229018
hardware,0.06690326116909835,0.009905019336148046,0.0,0.01796959574225105,0.004178421694388019
hate,0.0,0.022706730333725413,0.025849310643034782,0.0015036310631412985,0.0
haven,0.012337231657555483,0.017998724344234454,0.02458957515086148,0.014323479340330236,0.016217677854767115
having,0.05457012155224414,0.035098909635520106,0.05817265862018001,0.0,0.027748398159126577
head,0.006100547775606129,0.023333937965924048,0.017901158009217894,0.013857906263257868,0.010947532548926855
health,0.0048710336299750395,0.0026056208564210954,0.06367806871251401,0.0,0.0
hear,0.0,0.0190995348311406,0.028456422265908398,0.007877610410278001,0.008468002335850358
heard,0.005235596049749058,0.014147300289939843,0.02281024057080155,0.011035227773890603,0.007770947910669633
heart,0.0,0.009591077636644102,0.030470993716053912,0.015441358484467808,0.006990187000715639
hell,0.0,0.019696213056399403,0.015928223076782353,0.004971303125868263,0.0057163847359683675
help,0.04998842192435522,0.01631288151656034,0.04300814796746348,0.008229401864586944,0.008786320618802529
hey,0.004091500054375842,0.03762319337786942,0.01510242497333956,0.01680388494318636,0.0
high,0.04853109830313055,0.02739403926865028,0.03791558085637763,0.0,0.022506051243324575
higher,0.02298595554269295,0.008521271418562845,0.012379688074064069,0.0017213357734904506,0.010565808954993093
history,0.015831735373790574,0.0,0.10718800218438305,0.017908089931938185,0.038021804993015135
hit,0.0037864655386943527,0.01622754325697599,0.020963731922655264,0.022087297004301083,0.001567019707637501
hitler,0.0,0.0038197975998011777,0.06105636776121375,0.0,0.0
hold,0.00876281352201599,0.007680310642905018,0.028784461194037925,0.0,0.007736268308782262
home,0.023390238525138697,0.010051986303943218,0.03686642238956969,0.005614204140205794,0.0
honest,0.0,0.010290571967167643,0.021587889034494295,0.0077723082888470985,0.00026876662939544064
hope,0.0327841386395823,0.011327314062635381,0.05417571786714435,0.00410310134717437,0.040601855044463925
hour,0.010398347338917372,0.012446317097002316,0.01969697625413525,0.0018084382407599741,0.0
hours,0.01056813594563125,0.029032303548250184,0.020935556573333482,0.003791086461496835,0.0009923448034731442
house,0.00011637079660343095,0.012431718766851252,0.027781725317951495,0.01161700611126963,0.0
huge,0.04489496353831918,0.022032613615521224,0.02923722422325295,0.005608297753268206,0.022178027171782685
human,0.27170791714258147,0.030864558308568404,0.15259009592076425,0.03623220552202905,0.15107269319090177
humanity,0.01302800665916992,0.002434514490204624,0.027236120617067545,0.00391472636432388,0.014544275252783742
humans,0.16802294207540977,0.028206514632046965,0.008650270097858367,0.013520223786855804,0.07166568547582741
hundreds,0.014144470331975915,0.004109713750434394,0.012672836604909815,0.0061647446569987815,0.013701956940497815
idea,0.10498235196265152,0.027608657105588512,0.09181308652316233,0.018476816503649355,0.11558969660883757
ideas,0.07186480151848879,0.00727762174769567,0.0775010066157954,0.0,0.08708589065073342
image,0.06859175146253164,0.0024074071373613773,0.0,0.001164636728060963,0.008555878396927442
imagine,0.03859588047073076,0.014217179689453336,0.023533018864359018,0.011864579236502968,0.0404974973817016
impact,0.04418717708887003,0.0,0.032004481828632025,0.0,0.002502999454525806
important,0.11268809368319364,0.008541419435677617,0.08045302647072637,0.005862812268041245,0.03989131046324327
impossible,0.022536904645426653,0.001420956996405329,0.016248490003409454,0.0020057749528219356,0.010992583372268612
including,0.016220963232837327,0.0,0.02265625723790893,0.0023229471338300314,0.011257108127867123
incredible,0.027790788906090675,0.021893685783587313,0.02468632470591421,0.0,0.012046062926717765
incredibly,0.012603483794187815,0.0069972758404685306,0.016828021493860753,0.009224480905883563,0.015160742063672858
individual,0.025618917056146228,0.0,0.048676351164181675,0.0,0.019431607222495925
individuals,0.009019163014468113,0.0,0.035863412865609116,0.0,0.008582196498105672
industry,0.033166074611975634,6.162811947168711e-05,0.030777784130091194,0.0,0.0
information,0.0815198528053378,0.007992817388869124,0.024951220407069822,0.018705058255744346,0.0633324384776044
inside,0.00970832407322295,0.012310341731242791,0.020209954233695374,0.012810067683502582,0.027864433060055736
instance,0.06964319355855215,0.005667178756861582,0.005975332144505982,0.0,0.013762324876384027
instead,0.027998640247403186,0.010532818109101168,0.021274525126242762,0.0,0.012323540226168725
intelligence,0.23952833316678232,0.0,0.004307912586819453,0.019170924394061494,0.0806929889758827
intelligent,0.05901098328721018,0.00046483896289572737,0.0,0.008358238563561896,0.0664358694480951
interact,0.03548165046522737,0.00437434055569695,0.0,0.0014523833662187051,0.02042918455248072
interaction,0.038746500338995786,0.00892154291795961,0.0026862955965895295,0.0024183400043237377,0.014720713214712284
interested,0.028414485693232294,0.009725641046009571,0.016158558462552205,0.0052036672687156395,0.017232392287093685
interesting,0.14822238975822213,0.07187866325465123,0.04115673252804251,0.03766196052646035,0.08561813857955788
internet,0.02474370758717465,0.021111652861990286,0.028835247076425964,0.0,0.003124904010728152
intuition,0.05511940676991187,0.0,0.0,0.01509719499224431,0.028139058555177583
involved,0.015402003550396143,0.0031442580281904322,0.022941223213235738,0.014384662111641832,0.011317618487931766
isn,0.012688445703824547,0.015968397567601968,0.03490541434031009,0.005914915357447641,0.027602886756972356
issue,0.009744017084299873,0.0,0.04167745907341566,0.0,0.006770407426260759
issues,0.011892515837569421,0.0012872699225188464,0.02643369757374549,0.005370406915607666,0.005337400384888505
job,0.013924845704826426,0.021528721996728603,0.03743443425591037,0.01607903712678924,0.002990212042209161
jobs,0.030529352692050368,0.0,0.03404744791916963,0.0,0.0
joe,0.0,0.02215211918876775,0.03775561257512377,0.0,0.0
john,0.0,0.009591684055921874,0.02970566934068805,0.0014769663466530282,0.008191787182160851
journey,0.007634468863247762,0.014347926212566886,0.012708393614142806,0.0028196517148402897,0.0139893722276048
just,0.41085750622747835,0.6320655736433078,0.4482809357497081,0.2614784861832813,0.37995758210055347
key,0.030815010848411685,0.0009338761159532051,0.022581856297611395,0.00558891283921333,0.011323907097680365
kid,0.0,0.022115500873463555,0.01561234795266072,0.00930835727491868,0.0032341881445273487
kids,0.0,0.03174400671337135,0.046369103622489236,0.0039768698033389345,0.0
kill,0.0,0.011047234715838874,0.02931010762693824,0.010162666146142115,0.001926803667378704
kind,0.37893570474047966,0.23565428423403198,0.1732703751158458,0.184577786706936,0.21471591842809382
kinds,0.07281342139103006,0.01560346526329416,0.03833617172327124,0.01845267066908912,0.05172716485766814
knew,0.0,0.013454645614011022,0.029462174730477287,0.04296778486198782,0.009159962637904032
know,0.0,0.31617030295608956,0.3335821782258739,1.8414433448669634,0.2674893379981523
knowing,0.011693820858768937,0.005180339042226707,0.016815022825735285,0.005823904908462555,0.008628563636840928
knowledge,0.10560595436524037,0.0,0.012234570356812248,0.02306888508403526,0.014069730125156965
known,0.01359259927322974,0.0006122857434231958,0.020321178360853266,0.006154412055861001,0.02122990095838775
knows,0.013014431102517276,0.010489221269837515,0.021836460415871135,0.013371252566620716,0.0077926428940044475
lab,0.016963236107815388,0.004990129945478602,0.021250621982602722,0.0037573361771182723,0.020002239439280742
land,0.0,0.008026227083076643,0.020814161265925567,0.007927595237531764,0.008040351765970778
language,0.1541846696576228,0.012558159482603411,0.0,0.029474191672713184,0.03213844836568311
languages,0.05027534003416742,0.0021609989563171877,0.0049559507352333505,0.012254848359439815,0.0
large,0.06672291117273713,0.003439906528698591,0.029039403447932894,0.0,0.02366838011384889
late,0.00905343106301587,0.004471754265835296,0.017295098948526898,0.004566979240932697,0.005993959697260852
later,0.012274881851213658,0.011821494693831328,0.019571032114668343,0.021549694291200933,0.01719384522618524
law,0.004645299885234032,0.0,0.037147826592250896,0.019724804453486375,0.01635130945144582
laws,0.0027592368224794144,0.0,0.0012865287908918734,0.0,0.07219905948464331
layer,0.020614832767782334,0.011287426079186305,0.0032757513528152687,0.004147283708660571,0.01421620461065683
lead,0.01428186114590332,0.0,0.02521756777099452,0.003992270532262684,0.01263820815451816
leader,0.0,0.0,0.06076531887455262,0.0,0.0
leaders,0.0,0.0,0.05962013116778279,0.0,0.0
learn,0.13933605064617383,0.015568072888984428,0.013981251455241744,0.023870531288860606,0.009295554618128775
learned,0.044237829817306146,0.006058652678551824,0.01932295854469677,0.024355833356845866,0.0075300394498788335
learning,0.5121923919069138,0.0,0.0,0.0,0.0
leave,0.003419970740873719,0.009421675271950777,0.025586854339526392,0.005279850530388524,0.012641978622107369
led,0.013839719005438936,0.0007779477589655315,0.01773439802095364,0.0005283782630132888,0.008501344892946381
left,0.0,0.01125831800974468,0.04483905758630497,0.004117894820189398,0.011722605713883578
let,0.09610547102934566,0.05877702847494706,0.15352984353760224,0.06365855170998878,0.10522125299020146
level,0.13001853642681857,0.023311370696038895,0.03831247306335682,0.022071999076705446,0.05062695060210834
levels,0.02044634497143934,0.005178042154930045,0.00956164751949021,0.0057880820543912736,0.009769990126073819
lex,0.014017146046918137,0.006667313053633039,0.03659149146538738,0.009741762285229029,0.011728521739482566
life,0.0,0.1007024704537641,0.16587082580238796,0.019477105059400267,0.24880490989973908
light,0.0,0.01611522580814161,0.003755606991332885,0.0,0.08575057035654496
like,0.45580694074625133,2.3160295103309347,0.0,0.2081912283629107,0.2328253842173106
likely,0.027317130316183394,0.0024778363569069595,0.025710554243879528,0.0,0.018397957113563845
limited,0.026728467666352385,0.0021598896922981215,0.00823589313463269,0.0,0.016806665531212774
line,0.02041826549762349,0.010532898369362002,0.028559059686180454,0.013025981521174743,0.015172497813220697
lines,0.01675985889156146,0.005858432735769648,0.01080018511169964,0.005440259106098739,0.006516064537015911
listen,0.0,0.025070607187197697,0.0343562061348484,0.0,0.001055532194127812
listening,0.013088138557973967,0.014200830657714719,0.03224523919749542,0.0,0.015032157527228305
literally,0.009868502313846455,0.02302204708596434,0.018279643819446925,0.010059557762518843,0.008915756306270001
little,0.10481367520756917,0.0862230789211301,0.07152451227154948,0.07235585008759145,0.105884406970939
live,0.0,0.019276587584065998,0.06222989563000834,0.008193256190368816,0.035739377183275085
lived,0.0,0.0051491400151870495,0.022006846394168538,0.00790946497700774,0.006219542521938881
lives,0.01125258869237578,0.0,0.051228997595889,0.0,0.00667485357828499
living,0.003341431831919642,0.012128078125454087,0.031283768231970106,0.0,0.035908471967231646
ll,0.10751945536948103,0.0983063906493692,0.12494290898354106,0.017349935974048342,0.08236031271959289
long,0.0743515666454685,0.0325688410673099,0.07545106925457985,0.013056507469277152,0.05970327787332433
longer,0.017406144906618525,0.009212714527937373,0.016560017559849777,0.0037289540361381667,0.0169032642670415
look,0.1286864503594691,0.05523991612490787,0.14206426117090268,0.07540113681808158,0.12687645308017334
looked,0.010240039540060081,0.010555671313195144,0.016382466483849188,0.019806383705676295,0.008463628996339314
looking,0.04755832079888431,0.02343582732284837,0.04139850845937985,0.03386401812621159,0.04487735150027214
looks,0.023581146038546247,0.015191843221378355,0.012694655038093356,0.00933884893605638,0.01754621870072725
lose,0.004751610899731711,0.01751385583344564,0.019355160233347195,0.00724258709673305,0.004961282847215921
lost,0.0,0.01721410731418687,0.023009639638606437,0.01597569945376804,0.007464707326054944
lot,0.2766670950000544,0.1896363733771321,0.20837395739714973,0.015685535910782877,0.04902778392367863
lots,0.05647903850713277,0.004069879744873858,0.01642527589890478,0.013241044922835518,0.02156009408589636
love,0.0,0.12063148620997284,0.1123115043129367,0.020160157212826803,0.033221567656180916
low,0.022043334999673203,0.017038220956528842,0.014034808162462109,0.0,0.012014390117191359
machine,0.21948538629444567,0.0,0.0,0.05155109327495061,0.0245544562591925
machines,0.07742887142456163,0.0,0.0,0.03259298657324919,0.01876423528783748
magic,0.01963627739717269,0.013632063505913394,0.006343009208281848,0.008625567240328855,0.010906909567613324
main,0.0218271074710948,0.009964298577832285,0.01156603120449076,0.00526226327374715,0.0032938582234557957
major,0.01236904974906913,0.0,0.03243120279633631,0.0034316733820505523,0.0033489505262263544
make,0.1786741172866494,0.08114676504487527,0.19341465755602935,0.03127824461931715,0.11673905373420719
makes,0.032266725569081445,0.041113645671060954,0.049615312037073714,0.0012116373162352168,0.04014960781939751
making,0.05210597415367503,0.022687071929097816,0.04835442895184828,0.006219059060860299,0.02368134103317234
man,0.0,0.03411297205764841,0.07352796207035558,0.010341595487548602,0.0
market,0.025475574915905092,6.915561994733388e-05,0.05563941344324172,0.0,0.0
mars,0.0,0.011039290084925851,0.008133751326830006,0.0,0.07716011429603259
mass,0.0,0.0,0.01625631056101782,0.015206164820092204,0.03195481824411629
massive,0.012280368452336873,0.005653634371901525,0.015130918889505027,0.0025528317603902835,0.00901489786951428
match,0.0018295646005540942,0.02794654133305808,0.011533919326642727,0.018692642777008422,0.0
math,0.04544017451731851,0.019481120090719534,0.002089479425716795,0.0,0.035502760838066735
mathematical,0.01983088191927869,0.0,0.0,0.011664921811550672,0.06691134654781715
mathematics,0.0032566370682531073,0.0040313315725080175,0.0,0.005612596536682947,0.10061709055451536
matter,0.010708183066852483,0.008743546784031987,0.0343000962610233,0.008906210313397146,0.05842169060395063
maybe,0.21390500204073348,0.10150758419363559,0.09678097838501204,0.03356567102091952,0.1355229348309904
mean,0.1256708287961872,0.14857310225406412,0.21991957346913482,0.35627606408004536,0.19449771159203613
meaning,0.031970755342165764,0.010768608133825068,0.03729664554007029,0.0,0.05296381548181103
means,0.05078188112674312,0.0023280721613828294,0.05566837228035126,0.00666858782278398,0.05305950996523073
meant,0.012207992619994872,0.004790029328490768,0.013653656497574572,0.003908062064095271,0.006817710292224974
measure,0.026917466785413176,0.0024792817912488,0.00998898032095775,0.0004257756137273055,0.02930636083728462
mechanics,0.0,0.0,0.0,0.0,0.12906500072666668
mechanism,0.03887671929102037,0.0017866334391191563,0.009820727061346832,0.003910066838445615,0.014042700451775974
media,0.0,0.016372346932098793,0.06189801701499816,0.0,0.0
meet,0.0,0.010600877474244326,0.017992468267598885,0.008208949021974587,0.008388449919472836
memory,0.05467678414670231,0.0018734217526458954,0.0,0.01713529257306902,0.030070593757313472
men,0.0,0.0013968304813518565,0.03791009952987794,0.009419853449024976,0.004357195801525692
mental,0.003897109410545121,0.012224805187932352,0.015148695425117285,0.006010305917304638,0.0046147329998044405
mentioned,0.04788828364733357,0.008722830883402092,0.03876873255010511,0.010901335082611688,0.031043325541880475
met,0.0,0.01349265626491597,0.017621656435116765,0.011131542122515464,0.005788414800474101
middle,0.008927890983336208,0.005972556064581736,0.02942966498940653,0.005987174952337685,0.009694864871507426
military,0.0,0.0,0.05897400560391574,0.015026430695817855,0.0
million,0.021887938943539846,0.014199690232317147,0.03169715143817692,0.010276964953415605,0.014777694859353012
millions,0.014421856644458919,0.004874460367339459,0.02183157720876269,0.008528010988602466,0.01082618183622057
mind,0.04064544700752666,0.025412499398195378,0.05595492365178958,0.004626479914183753,0.07738227732179818
minds,0.010259739431611523,0.001070730303752172,0.016635598542425883,0.0,0.021960464872063518
minute,0.004578081144328977,0.01815675368812888,0.010973763195281818,0.0021295410192150544,0.002884022205910088
minutes,0.014152645247607112,0.01766403858049336,0.014430012910593207,0.005116671308778618,0.0031972335007110293
mistakes,0.008444456838377924,0.00012694205287988816,0.027851591434655508,0.011452697671498778,0.002291329167870671
mit,0.029019919130845864,0.005281070167569921,0.030502215609387855,0.007039714694180598,0.011543428701766566
model,0.18932448519712564,0.0,0.0,0.02386883079236891,0.03157804695768271
models,0.11930388540035237,0.0,0.0,0.0,0.012143498614394772
modern,0.009105207837044377,0.00044042314489277845,0.024037630937590666,0.00960058171617608,0.01949628369471068
moment,0.025631892994314336,0.022007331540109285,0.036401542108059626,0.004794603869298141,0.03334607351314889
moments,0.007162564091203052,0.013069419693516446,0.015294198233038538,0.010332209739873267,0.00499108447499561
money,0.01782724487058402,0.025578443318052615,0.15248940052758397,0.0,0.0
months,0.010822315638393119,0.011077607316334113,0.024367504314536846,0.012823298984263383,0.00352372897057649
movement,0.007020247686349469,0.004642808414694237,0.02593880309034729,0.0014951033406184562,0.00653482123066023
movie,0.00968996424822163,0.016471837466052304,0.014368497710030992,0.021149072290346137,0.0067251600732169846
moving,0.01578441503012696,0.011535140570946989,0.011065453446624877,0.004345143689180618,0.020754414520294227
multiple,0.030070428019127234,0.007587170239931023,0.010198317862383299,0.008412763489106861,0.008490870271649222
music,0.03346390790588321,0.031226318263827168,0.02133344586507219,0.0,0.009689007319940478
natural,0.04082983190396656,0.0022689221179197114,0.008820971579379661,0.008433971879168105,0.029558004547961755
nature,0.021281758513299283,0.006371859375116533,0.04515799146938101,0.0061287132673920695,0.06503458284532723
necessarily,0.02355636844471345,0.009120530677413053,0.017569600194271433,0.00044970955202585413,0.014897802972071921
need,0.15093241654440626,0.04868029589993773,0.11169008970674132,0.025431467314703155,0.05195675148171517
needed,0.01973708207188726,0.0009573564148362655,0.022221125811586123,0.00939116065969501,0.003811523059449931
needs,0.03829667038204431,0.0,0.031974260725956966,0.0,0.010364501714531908
negative,0.011194413293041331,0.010869639902638808,0.02580943026839972,0.0,0.0016696943066501861
network,0.10878312575362989,0.009554365871266946,0.0,0.0,0.00871728073963392
networks,0.14423535964179654,0.0,0.0,0.0,0.013924004367230835
neural,0.2425249229337604,0.0,0.0,0.0,0.0033464824706339593
neurons,0.0409578041825111,0.0,0.0,0.010268551335491526,0.06281905088340639
new,0.11064096536139459,0.02307148788288467,0.092137895234132,0.02220878472924505,0.044842440081449976
nice,0.03210622957327916,0.02640047018406134,0.008628094661458597,0.00962771635097006,0.019814751352255033
night,0.0,0.022695959165298273,0.014079738306900553,0.015612567056650239,0.005292807786867904
non,0.02348137027352694,0.0028254503833614795,0.01932711176344532,0.0,0.028864451570207658
notion,0.039809524432450595,0.0,0.011562539410731133,0.0,0.03673087073135562
nuclear,0.0,0.0,0.0601525412895241,0.0,0.025728314895637084
number,0.05776484578855078,0.013948300336943862,0.048626175359331794,0.029584772131811807,0.05969816502570794
numbers,0.028793969381504875,0.004196019436022223,0.012139262155513251,0.022758815367523628,0.024403771073221822
object,0.035830554729428914,0.005193416315564109,0.0,0.016641835665132713,0.03770954595418901
objective,0.06520633107310712,0.0,0.008244381446022683,0.00919883869116282,0.0009565272009230935
objects,0.04168892878038702,0.003441604680570898,0.0,0.0009900892667145213,0.048774521593416054
obvious,0.020369256867593125,0.0026950551598417943,0.017670455827226518,0.010873630955674765,0.021268427512018843
obviously,0.0293994034195504,0.02679625269772832,0.02149729699845338,0.008692511128764492,0.009929068028110605
oh,0.020935000331471006,0.11124859209249645,0.038123971103749245,0.07487804775600782,0.030485608481023645
ok,0.03437966473476742,0.0022029452407599757,0.0,0.05847655372357265,0.014262535446432528
okay,0.03252602408955385,0.09600483333498053,0.0777198341141866,0.11119508321359224,0.0916441677761859
old,0.015135462971271317,0.01613377314236606,0.04140839689383959,0.0156428039623938,0.0194483472043579
ones,0.020242095363026673,0.013246348279221437,0.02200348331036417,0.011082681509059354,0.02753792299574624
online,0.022104616752726333,0.01450908392551456,0.013010235666926424,0.0,0.0
open,0.04376132150643569,0.022539176086376022,0.026330621216323215,0.014448083029799618,0.01042959471206892
opportunity,0.01446947395029341,0.004535798397554739,0.0364758235164519,0.0,0.0028648879015114484
opposed,0.015743426317882947,0.00834247691361631,0.019961803333570723,0.0,0.0057048202170412125
order,0.03907174478357255,0.005278327799575373,0.04021298218064497,0.0030152762755935826,0.028909794566940455
outside,0.014163161582493212,0.011300173781316177,0.01992666987668618,0.005614329011527819,0.03842502625376715
pain,0.0,0.013888425975053673,0.024836201738386514,0.002805576369874459,0.009985668642645279
paper,0.061890053463590625,0.019109598334761176,0.0007110763336257361,0.008649557596742487,0.021457855982984206
papers,0.03821517894901385,0.01185283620245586,0.0,0.0,0.00730826508798157
parents,0.0,0.008491902174042585,0.024220218920483583,0.005300600879614373,0.00580491591081967
particular,0.06287856898875724,0.010576536553506101,0.029485605130474834,0.0,0.04413063474766594
particularly,0.011077605421262592,0.0,0.031444144391666505,0.0,0.011189391095105994
parts,0.03474065067916563,0.0007513417665955098,0.015430877143861776,0.01561917564733546,0.01964023575611796
party,0.0,0.0008609483312131065,0.04091528261713,0.003730134701880069,0.0
past,0.0222448688845129,0.007806882003235593,0.03055301035907152,0.0026684538395309707,0.016339324662278987
path,0.020706895011734408,0.008809851496340493,0.007248504564324702,0.006386004720396845,0.014901075392685113
pay,0.009336152212108014,0.009601264381504547,0.0354008830742622,0.009787931388376107,0.0
people,0.2943863776016174,0.30582188932823706,0.9281187004785515,0.0922436608256259,0.06243489217959932
perception,0.05735563247115907,0.0,0.001872087524229846,0.00645791576960837,0.01168425879609676
perfect,0.017270479096690067,0.011291213386846282,0.016038016331718866,0.013719682812554554,0.004833938348260043
performance,0.048342053899648685,0.011435256342589921,0.0033469326246307416,0.004239752816145985,0.0
period,0.002108289937759836,0.0004044115476603319,0.035848984842363554,0.01015269969232023,0.010355366018516677
person,0.039053650941744754,0.07446427209042522,0.11773818573368983,0.007159149747781009,0.007746436348662581
personal,0.012162462811287586,0.005769551203670959,0.02849122651757643,0.0,0.005856772232336094
personally,0.012386099092743824,0.008753680882354283,0.015026366458189779,0.001848321750399078,0.008765562609247962
perspective,0.038674770077413496,0.02391678312588319,0.029383532881740452,0.002510179050961462,0.026892126329584216
philosophical,0.022393569980101106,0.0,0.014923320330511747,0.0065931101204814825,0.018747604198222367
philosophy,0.0143941958645727,0.0,0.031318842655748,0.0,0.032116237123607574
phone,0.00885839565972849,0.016807434225567925,0.015938467341211734,0.012970331940429625,0.0
physical,0.03585640636076591,0.013127804279392426,0.009863965170299801,0.0,0.07198289196622915
physics,0.0,0.0,0.0,0.0,0.263738690805352
pick,0.026786362619053518,0.01249035669902839,0.006061241539640813,0.013426454452548295,0.005900192253697013
picture,0.02093222314255133,0.0050271310132778396,0.00995485836439465,0.0038700438730339846,0.02950163204711632
piece,0.026052849872842954,0.008345291717632935,0.012911917138985892,0.010984308988283904,0.019671732725278217
pieces,0.030450062074369576,0.01217373970123828,0.0,0.004511958386451668,0.004686391299891831
place,0.012254250643873959,0.02381827340476481,0.054070148076670224,0.023821133564893647,0.032921676083086326
places,0.00691225686329506,0.008732644156335782,0.02691687428356452,0.017140982370072184,0.007701283197070641
plan,0.016802431435231753,0.005680236174172539,0.021454345878422543,0.00022491126869231913,0.0006712522494491227
planet,0.0,0.017883099138455642,0.003964232706799268,0.008959000021069467,0.06898136823792543
planets,0.0,0.012620246377291413,0.0,0.0,0.0754220171261992
play,0.09500066816142641,0.0461787498352519,0.0006517922186742336,0.0014134103895736424,0.0062067306303188515
played,0.02061653994413256,0.0226929906456053,0.0,0.005393472926486004,0.0
player,0.04408772286881495,0.02026336592106289,0.0,0.0031278915716854306,0.0
players,0.039403788573838874,0.020558325523273586,0.0,0.0,0.0
playing,0.03504878585519476,0.035483552736201594,0.0,0.0018117329527267206,0.00244237614091396
plus,0.01977942342371892,0.004224160111215974,0.011607878639736148,0.013406258740532227,0.007452117713623015
podcast,0.020960029677930262,0.02741501906219426,0.04057389561410998,0.010594601840616816,0.02752840719794315
point,0.08349343665165042,0.04106376714085923,0.09444592170112251,0.02046381611792981,0.06252805307780919
points,0.01308512116817833,0.007278859900281321,0.014082498197567815,0.005052811997537468,0.010796004991096304
policy,0.030156350893723233,0.0,0.03505868744777923,0.0,0.0
political,0.0,0.0,0.07980194353311955,0.0,0.0
politics,0.0,0.0,0.052415290523210735,0.0,0.0
popular,0.01551965154049815,0.00670371959242803,0.012711795775559866,0.002476134992188086,0.005144790634753231
population,0.004710114470685255,0.0,0.03780107096139504,0.0,0.00798886668090552
position,0.0043982423983087195,0.017240392131360954,0.03948554097758736,0.0,0.006327390037916354
positive,0.010230735294958902,0.01131051938456144,0.03277574099438077,0.0002196397700143505,0.005239212317138723
possibility,0.009296617459696432,0.004259914216792683,0.012700744041680038,0.0002968057560352535,0.02773651269394508
possible,0.08762148143497044,0.019741503861510388,0.0312856356707433,0.009449753512589783,0.07180775834626303
post,0.004992389317893106,0.008837605054085101,0.016097556323378667,0.004737959277790314,0.0026425052913951015
potential,0.013946725932873941,0.003454000221910798,0.015232162313334886,0.0,0.011009222922615842
potentially,0.013213153475250497,0.007905747952270196,0.011405896261764768,0.0012570580690210301,0.010831486273856357
power,0.004550076846398897,0.0,0.15064526199270992,0.0,0.015729533647537052
powerful,0.03432693893016668,0.007948139625637294,0.045995239957090976,0.0,0.014707489749021327
practice,0.010574846694227208,0.008061878557446655,0.018088421411320065,0.006457892435192624,0.0044839991999435155
predict,0.05225642213822503,0.0,0.0,0.01887627742898484,0.012189729318391707
president,0.0,0.0,0.07403996961178502,0.0,0.0
pressure,0.0033350604811275652,0.0005075773559189668,0.036117893751474416,0.006308298585105644,0.006038519652020811
pretty,0.07118166508390598,0.032045184651446595,0.046248704614075486,0.02907880325390364,0.030941403523447087
price,0.003385507204947066,0.004227894415346437,0.03364018812927896,0.0,0.0
principle,0.01664736061799554,0.0,0.00025630260570335957,0.0,0.04943891368294476
principles,0.016790973260043997,0.0,0.024038605907201145,0.0,0.02156921239627408
private,0.0011660890709559166,0.0040801127825404945,0.037611260806177174,0.0,0.0
probably,0.07345277413290834,0.07327289629302315,0.05487022063398582,0.020916686365795186,0.050992519404399674
problem,0.22658205973165768,0.02342661785974544,0.026696093390546054,0.03579268238354368,0.0531757369610679
problems,0.11515291950832665,0.0,0.024856800943389556,0.008338831448630256,0.018560353881811303
process,0.07017702722134866,0.01661539526359702,0.028299129235373106,0.008376893287955989,0.039676724983913954
produce,0.01875011720665352,0.0,0.01849067898452325,0.0,0.01780000195242974
product,0.034768945521789774,0.020206728690330068,0.01857404831786218,0.0,0.0
program,0.07609568622331965,0.0,0.009143119895529924,0.04238567196920353,0.009817965665840082
programming,0.08392753692968247,0.011681083850354898,0.0,0.04337504960278362,0.0
progress,0.058723289769930485,0.0015874248841010639,0.006523258647906842,0.0,0.014457868694778725
project,0.03185924930962083,0.008963561467641372,0.011301683140661847,0.01149728508744336,0.016354394290015704
proof,0.024888028575522417,0.01398507876324278,0.0075425057302285796,0.0,0.013790461358428556
property,0.008849983673684097,0.0,0.028002512246966402,0.0,0.023396892407694204
psychology,0.032499496643291916,0.0,0.010731985754731358,0.020737255964628463,0.007987389387729442
public,0.010786599105264515,0.0,0.07818171789095424,0.00017173705533300485,0.002617003099988802
pull,0.0036689377386625,0.013734136597374571,0.013571443664029958,0.007798813193397584,0.0003101332855027227
purpose,0.016628844732047208,0.0009473257307140898,0.01918350160788539,0.0,0.01643345063337348
push,0.011371379871575776,0.010929282764185014,0.02359447324807134,0.0021923780314339787,0.005407657519841631
putin,0.0,0.0,0.10343133650777288,0.0,0.0
putting,0.012876489279887606,0.011838279387610213,0.016391376990981008,0.0039655573098562715,0.007199740628635986
python,0.0885300914781617,0.020977607305775237,0.0,0.0,0.0
quality,0.01759727661136064,0.007785913208923492,0.014698293462585063,0.0,0.004557103507255024
quantum,0.0,0.0,0.0,0.015991255896947925,0.26758751925753343
question,0.15977076810987587,0.0,0.100245226352439,0.04309110705881881,0.1416028963062585
questions,0.045323564774964895,0.003277424321796349,0.0364341110843206,0.012542685038023863,0.05266396619405316
quick,0.009175587483635707,0.008504790566838779,0.009268666124646809,0.0039367651682871785,0.005178975190524584
quickly,0.03901750295596085,0.0101552006171928,0.015671687450564322,0.0,0.006619801877376845
quite,0.07479635199367576,0.008567938739906885,0.03846247385228609,0.0,0.046383671927242444
quote,0.0017019299515453475,0.006047048235033198,0.02520077335424047,0.0,0.012515344459982774
race,0.007155741030469682,0.004054323907955289,0.02259043786404039,0.015441224597136937,0.0018451292614510124
random,0.02818728044370227,0.00022918552950240034,0.0015884040334288774,0.020915587569934172,0.02449019517796792
rate,0.015640719695951415,0.006721117001642897,0.020122422156555197,0.0,0.00854320735983836
reach,0.010710307072218882,0.001677524839599721,0.008820976964809806,0.007595843091719603,0.02033231414325072
read,0.02271281557534767,0.023094093857070834,0.04628849672891052,0.028335895237403028,0.026718257559384766
reading,0.019260494392646137,0.01228857090189649,0.013517840342969496,0.00699596427307429,0.010006218282059907
real,0.0787861982960212,0.02227755551032258,0.04755757557964502,0.007610128965538406,0.035974873423862484
reality,0.007734413229407687,0.010170788560469974,0.03480935516657995,0.0,0.07458133343695113
realize,0.011506473673702344,0.01501761431474674,0.014878670986927934,0.0085141538225945,0.02365430061802637
realized,0.008821309882907843,0.011854100156741586,0.006895615794564302,0.005908425937249435,0.016186231608348037
really,0.4767147223943935,0.2724084897630541,0.2360059297516858,0.06341543738138451,0.15304607713708385
reason,0.041790600139439894,0.017395498837200405,0.060494437642710834,0.017502921922488573,0.03661429273115634
reasoning,0.08584565418412615,0.0,0.0,0.0198386842314264,0.0
reasons,0.014035036551215647,0.007218128391029141,0.024202334774052398,0.00034139070733680454,0.014015967184585525
recently,0.01632969228194408,0.007303994879921317,0.01468677904800327,0.009802129708682631,0.010043537698681276
related,0.01743738507671843,0.007549623945529757,0.0031632065702284547,0.0004932588402743571,0.016601498399472583
relationship,0.0004458192947007106,0.011859645327650254,0.040482276238027366,0.0,0.011922458841056454
remember,0.021533093886287612,0.035193351403427504,0.03502958389013317,0.03067485197679145,0.01336289258427499
requires,0.013103293550429112,0.004086185988891204,0.013242847259433295,0.0,0.013391104597861402
research,0.1003415255106787,0.0056400183941898874,0.027541246314273553,0.01090615419781896,0.003351136211363399
resources,0.02473513513822021,0.0008886752029171055,0.021659200427273713,0.0,0.00932584999144402
respect,0.00659487357918441,0.006578598376210132,0.03155538132518173,0.0,0.0032669099970204615
rest,0.002808083693119103,0.005619413876008183,0.022984165923991887,0.012070112021288418,0.013282187707864507
result,0.014299529201800155,0.0,0.02433671607541675,0.003837730455072083,0.014246696125121536
results,0.034467895542128445,0.0,0.015360346545795172,0.0,0.0029935020780726446
rich,0.016776455927285126,0.007510788001261071,0.013341493544791317,0.0018645087462140137,0.007653741730267226
right,0.30328071503248494,0.25779329864790046,0.2458913268409095,0.45698386704495875,0.14382358021767536
rights,0.0,0.0,0.04678511703980997,0.0,0.0008247616347236547
risk,0.019370148467769056,0.0004537496899014019,0.04843360893352151,0.003286839545974203,0.002542322992245541
road,0.01845718340487043,0.011246143865557124,0.008890642089827611,0.008286130617033097,0.0
robot,0.16358242500572642,0.013226601771085488,0.0,0.0,0.0
robotics,0.09034429699330121,0.005845202143974628,0.0,0.0,0.0
robots,0.12194232567757841,0.01567920278392663,0.010087075992998107,0.0,0.0031317239691513567
role,0.027291001119716732,0.001170809891934917,0.03341683312994367,0.0,0.015679001240614873
room,0.005415760725286668,0.014867930041468774,0.02462488014111099,0.015107330029708637,0.012119444714146175
rule,0.007686868725760816,0.0,0.015534435708049358,0.018552897465329572,0.018842326254812795
rules,0.03556234656953162,0.0006472992975880213,0.016567759878911525,0.019170915802690248,0.026203131102451562
run,0.043954435385394994,0.023077554353057493,0.016593433229576734,0.022075866980454127,0.009123761760792035
running,0.020588257725556936,0.02372004342060148,0.010459381866106765,0.007830027626184387,0.005885128602848202
russia,0.0,0.0,0.10444304349273588,0.0,0.0
russian,0.0,0.0,0.07501408900493811,0.025487519972097437,0.0
sad,0.0014351241386887474,0.016947080064470994,0.012525892196593176,0.000778795162671526,0.010747441020194958
safe,0.018482138473654125,0.004355995679289659,0.024643859310755332,0.0,0.0
safety,0.05691016642065452,0.0,0.024242203147390336,0.0,0.0
said,0.034393112482495915,0.053542638734048215,0.19617044870269199,0.10425914802707557,0.06866089174011303
saw,0.0091497291302094,0.01508764184794638,0.029572282199874404,0.022091482550337722,0.007154026301394438
say,0.17698103057313166,0.1078462671157478,0.29075169012651697,0.10801974643172334,0.23985882137788797
saying,0.022503233024284697,0.039006470830183576,0.09890266323632395,0.021926824331528046,0.05423677826293286
says,0.0084955644711932,0.006967320743458635,0.060840614843775044,0.02510091739281036,0.03974790382670491
scale,0.07025037929333956,0.010239895697254236,0.02376166484925864,0.0,0.026509897244392802
school,0.009863980868809474,0.020656179557187578,0.039081990529503445,0.011648026475450955,0.005598084563509656
science,0.06981811761453585,0.0,0.06017503557805958,0.03192602581488432,0.14122413556680188
scientific,0.014717636534994307,0.0,0.029581572226990732,0.0,0.056416898269271674
scientist,0.0076695958254431726,0.002414418123012238,0.013191530616847443,0.009947157692915312,0.029518489275487173
scientists,0.014208390581468933,0.0,0.022173602602645025,0.018037881767350196,0.04686153205596057
search,0.06223222484007281,0.006320351726231522,0.0,0.0,0.008017627895869336
second,0.030707082789887142,0.008843861046821179,0.03811114465561306,0.006878408194147813,0.033044281087791096
security,0.00999227502081136,0.0,0.049733390206281904,0.01288276264388172,0.0
seeing,0.01921367595839964,0.00884989754459432,0.022962078822663327,0.01122966556567746,0.011796314936559995
seen,0.03794475667510493,0.020632734834653537,0.03675213611102244,0.008600655512668426,0.011844725842189194
self,0.09196801060621088,0.02147908598831016,0.024348917129696817,0.0007329710997001117,0.027299749935860373
send,0.0043730416255940196,0.011463424143669368,0.014182146045483752,0.006734323942769616,0.024002466880609842
sense,0.11513372297334594,0.013854592490476434,0.09919045587692776,0.0,0.13840902500855135
set,0.1066678798707901,0.015363737175366519,0.01471224526982864,0.019562540863559574,0.02911123444994183
seven,0.0002306982951827252,0.01481851693892589,0.01233508395989789,0.010663282984297426,0.006486679974739702
share,0.012653179852087255,0.005997755143205968,0.018768470166582465,0.0025740758145523864,0.009215468817779618
shit,0.0,0.045475273353978114,0.006944581423570474,0.0,0.0
short,0.025789904135021077,0.009202532521789748,0.019818364414583373,0.003173922381149281,0.011906813528494804
shouldn,0.010063450975859815,0.00579646242345406,0.01979043469327445,0.0026004464036288224,0.007709978181828924
shows,0.009128315647498955,0.006612321267410079,0.016223088229316684,0.0041296235083195885,0.004997415568293978
signal,0.03025763333393779,0.014014899746206217,0.0,0.0,0.016166548940918016
similar,0.036420755458757385,0.01012231994537071,0.00696136442321479,0.007550407839078953,0.020140163377305273
simple,0.06608448191673659,0.006571148081967182,0.003865683570095576,0.013307058300550947,0.04822441606912131
simply,0.025995658110402768,0.0,0.019163224234317155,0.0,0.02182910099010028
simulation,0.061402835746501176,0.0,0.0,0.0,0.06116582992453148
single,0.0411028325071319,0.012057343040379375,0.017296217724272818,0.011299665998880966,0.0265756801292405
sit,0.005079861656274032,0.012183572784502156,0.020049905731019828,0.006508143731047346,0.0047393182032320555
sitting,0.0012103282857051979,0.012868733310005038,0.01547251557993465,0.01702783011491382,0.006841065153925775
situation,0.02080210003826326,0.007843131728658708,0.03240536207418893,0.01193172654569721,0.003770379481314701
size,0.01809516868873597,0.00645640954542323,0.005839356014458957,0.013161430886794721,0.020506411402876273
skill,0.021251736431241258,0.013886314877330877,0.0128740580457622,0.0,0.0
sleep,0.0007438744098974456,0.026212925410519686,0.019860175199686456,0.0,0.019531399252213293
small,0.05692351500461814,0.01282439725769292,0.02406648769996829,0.011830490174377012,0.03781811272045826
smart,0.0413199334302578,0.0018209025525926794,0.02812759909873274,0.0,0.0072347247395598184
social,0.025362486693290515,0.02578043660541987,0.07070351575853087,0.0,0.0
society,0.028188101185460866,0.0,0.08589025024338612,0.0,0.00987538000038475
software,0.07337131658439604,0.018529971295860093,0.0,0.028145742829572416,0.0
solution,0.03543138097368252,0.0,0.02193759291163178,0.008105942717107994,0.002779350582353966
solve,0.09701112125297624,0.003687267368297045,0.0,0.010363423810722005,0.0248558703855433
somebody,0.012619743962169921,0.03014658675959722,0.08583389214849116,0.02114648065928081,0.011844486149389943
song,0.0,0.03855306193366964,0.0068202836582905504,0.0,0.005281335731861217
soon,0.009509489790599394,0.0038327602905581155,0.010176595986550803,0.00956271241533723,0.015283295545205737
sorry,0.009111792011989271,0.015373977590931584,0.017555442847535328,0.009230751093801335,0.011685926564425941
sort,0.18215188230616405,0.027236355981938774,0.06701571646982232,0.2067341523016067,0.1574975888186512
sound,0.007639369190537932,0.009641736568310553,0.01199759873644129,0.0,0.010146753588530063
sounds,0.011736212670724645,0.016252985642905542,0.00909561952264474,0.0,0.01065340750264389
source,0.026073154502871555,0.01400061836008407,0.01857993878994484,3.9588103963838556e-05,0.010775985108785784
soviet,0.0,0.0,0.059743850171822585,0.017766611981270077,0.0
space,0.08092911336660646,0.03198237914383754,0.0,0.0,0.19626835121221073
speak,0.0018283196078478477,0.006415970939190416,0.036481953132673835,0.019143813331229893,0.018420276695952892
speaking,0.014069349980150709,0.007832686335671633,0.025886535361649185,0.00279192609886071,0.01255446348226141
special,0.002909018370940452,0.015192260633891024,0.004042623301210368,0.014134062052422946,0.037224011220380035
species,0.009752423464531607,0.00588344637633363,0.014114598850312902,0.004806638753463279,0.04659137933625371
specific,0.0366213447084178,0.012502517570609335,0.0032408842237013325,0.005215357955262337,0.010692179786186305
speech,0.016313345879349326,0.00037869222850779176,0.03560276930687047,0.0,0.0
speed,0.012434636466309327,0.002860521426298321,0.004407072951903954,0.008717318011770819,0.03899346880767896
spend,0.01952242545691521,0.006145116040700311,0.023212325758943046,0.0,0.00536648537133965
spent,0.012559919942004508,0.007393157864204271,0.015411731728566197,0.00596388873510571,0.004161733847263986
sponsors,1.9529775940418413e-05,0.006691970553029776,0.013914265735672032,0.007279007635313913,0.005614518220546982
stage,0.01157999457648407,0.006483681343877019,0.015520842408297432,0.0,0.007907794728228964
stand,0.0,0.00654279100289518,0.022940492760405603,0.008841891427943102,0.0025611317228616086
standard,0.02068105938247335,0.0,0.021295434843141985,0.0026781986064772457,0.01953554243677238
stars,0.005001706770309981,0.004115635907307084,0.003937185031194968,0.003021375969878253,0.06187682536892743
start,0.07334041340516625,0.04826257645234725,0.05466025963243793,0.0205826004074905,0.03839583659466885
started,0.049902152070034116,0.03447609559726848,0.030591015868970006,0.0276902775588127,0.010545154867823706
starting,0.03040583338547207,0.009086670375448481,0.015224218805598912,0.0,0.012172995562591365
starts,0.011021913023431992,0.01049408313234739,0.01197405928610856,0.005125993517594432,0.008931516227579747
state,0.02807166408512731,0.0,0.0626282271992503,0.0,0.0395882976049037
states,0.0,0.0,0.11359144071044242,0.0,0.010625993588630492
stay,0.0056953409136204424,0.008878866363378753,0.020293084122463365,0.007444764254729695,0.006472260127168746
step,0.06245176996377385,0.0017686784392139064,0.021572296161786294,0.009737261788454311,0.02558278169090634
steps,0.038400078126337604,0.0,0.0046973039455304785,0.0,0.009747248625966938
stop,0.008415253700828717,0.01259329935495518,0.026509585106035894,0.014057879539520002,0.005489701417371679
store,0.017642380913383424,0.0,0.018465455395019013,0.0054970112216174635,0.012525681468311583
stories,0.00047280792479877543,0.0066189143705303035,0.02227113683961243,0.02387186176095658,0.010071400307921344
story,0.0,0.013877483284633509,0.060247398134843234,0.05069396496774638,0.03753761919584197
string,0.0,0.0,0.0,0.0,0.11865142239372961
strong,0.016360627674963737,0.009273424235313417,0.027233175498427832,0.0,0.019734371140831257
structure,0.032122433118811876,0.0,0.0,0.018646834839751856,0.05745450342930726
student,0.015512600048272443,0.0024031435757848486,0.011862894518101567,0.010949216109822156,0.013901181893806415
students,0.0362630158971293,0.0,0.03614758575821216,0.002214400145390078,0.014229979184923658
studies,0.007138968182453568,0.0,0.039396401961118904,0.0,0.007696242412369852
study,0.02010965196700443,0.0,0.036994692119152954,0.012944475384389498,0.0254232185236645
stuff,0.05298062906377506,0.10392951796689187,0.05560998485862525,0.06787850721090709,0.032427105609845984
success,0.03028440593376767,0.0029384052086510537,0.022570399506753554,0.0,0.0
successful,0.031131731662620937,0.007611851198139284,0.027259097909481316,0.0,0.0005054465639772717
suffering,0.0,0.005632682013955211,0.057449620941871476,0.0,0.022229966473414433
sun,0.0,0.00903745422474588,0.0007969353639242475,0.00842904200160007,0.04565361291221933
super,0.03693768580801961,0.040597869771031095,0.0,0.0006834755761162179,0.01845683490627704
support,0.020602870560127898,0.0044556262942693605,0.037799631500077605,0.005027155981038099,0.014727021299154337
supposed,0.005541872741921537,0.013140334842357777,0.020026301746478008,0.007780511999149904,0.00900052227365321
sure,0.050439178283162286,0.04403373270986386,0.07199690173481783,0.00968514803452744,0.03992271301956481
surface,0.009331059828660471,0.01023095634539018,0.0011331637713812156,0.006981918232820349,0.029637414477004378
systems,0.19481133454083108,0.0,0.0027108030920773942,0.010698856926753632,0.05583398440144583
table,0.012212458737097647,0.00980731795279376,0.00842574539356087,0.013739453434998689,0.009117549649324694
taken,0.00796074333683189,0.005450819701452883,0.022874118367846218,0.004219741586382264,0.010057646047360258
takes,0.025112840209254805,0.012256895308262112,0.028319975924777318,0.0026753933277411835,0.015648430714270547
taking,0.03120183440608268,0.011289810633747,0.03687456064677844,0.0018817061468138173,0.011602800131708732
talk,0.05121491406068397,0.05101952115588574,0.1031071251671353,0.03247275605943473,0.0613659830720551
talked,0.029258936305517277,0.018916029469133667,0.03757153682905836,0.01789622199959496,0.019476874470806187
talking,0.03614702088441634,0.054173717152320604,0.07125935097718226,0.03740067607813928,0.05841923073108491
task,0.07144392755498567,0.0,0.0,0.0024189663774421303,0.0005937488271105485
teach,0.029587702450477267,0.00707271316943529,0.013705409101763849,0.0,0.0017267068293505827
team,0.03694522053077341,0.02542652679463438,0.019659755179529458,0.011860928192080972,0.0
tech,0.01769298779300834,0.007762891258917241,0.026805113995229158,0.00214655452465974,0.0
technical,0.02687013126035608,0.00846801135499986,0.009633068102670695,0.00839583483142174,0.007363879601102333
technology,0.08058968813768617,0.0047071045649227095,0.06448275082781987,0.0,0.02448504332657535
tell,0.030645829385818044,0.025474643207652106,0.06016966041410389,0.046713417486921864,0.03361539703817519
telling,0.0021730011605459107,0.00724987308360371,0.020660071525395545,0.008986797102837256,0.010439223068568282
tells,0.017686929314319436,0.0012364640751368098,0.006287741393463679,0.006783132759110433,0.019230683661910646
tend,0.013652724333072798,0.006046977225644786,0.02342322843341231,0.0,0.013193170493952978
term,0.05416447185358863,1.0568842819188214e-05,0.042805427956502384,0.0,0.01853831277810483
terms,0.07911623281565554,0.018024459567415933,0.06012093609105709,0.005071857346310646,0.04378739195026106
terrible,0.003689316436696714,0.005638545331167752,0.024619502171712583,0.0028459642059584216,0.006914171595963184
tesla,0.049867336754400825,0.019165764267148448,0.0,0.0,0.0
test,0.0795884443124793,0.0004775370880950392,0.026848309164112703,0.007940465350521052,0.021092608478983765
thank,0.025990541772453225,0.005111197800222734,0.037393543471934756,0.006958860191069431,0.021097462448203427
thanks,0.009808839919476042,0.007491283460836008,0.009407736800326883,0.0029358446673836457,0.007898890575394578
theories,0.0,0.001292998412532913,0.006177319429222107,0.0006957160269975901,0.053363902525391055
theory,0.0,0.0,0.0,0.0089467992517772,0.2335457814035983
thing,0.1653459508420768,0.21479771077199508,0.19839607184927663,0.08679810488598451,0.17857739311212958
things,0.3648842601976114,0.17165003829326678,0.2774046366838235,0.0746395059069431,0.2736563418875837
think,1.0628819418843864,0.3522747599046106,0.694751839946248,0.0,0.5348328894928467
thinking,0.08490734926561917,0.03180916701566027,0.043886342722317014,0.012693565087002291,0.053329656233486726
thinks,0.008971032099264057,0.003712718704747359,0.015777718737520475,0.0014642431756589558,0.010969781153280076
thought,0.05212891033372364,0.021754281187921415,0.06510763245642825,0.03254789602246104,0.06901044150126853
thoughts,0.018451938276359638,0.01024497389682466,0.009165054916802392,0.0,0.01895886854328616
thousand,0.008633314916746094,0.010037148456143065,0.008832788794103536,0.013514794554282344,0.011922262475194133
thousands,0.017660351746452495,0.002683767742643431,0.014654489210559734,0.014607047506685825,0.01800340096569746
throw,0.003740730115736336,0.019084383069428335,0.005355672424569362,0.004055885731324205,0.005204060438879128
time,0.18478110972013245,0.1346434031411436,0.20969596413608108,0.08262966655569653,0.232378980723214
times,0.02125985670102529,0.03355394750192285,0.04836866850097333,0.020147850750406534,0.017795606186062213
tiny,0.005765980016400762,0.008397830514625842,0.004862765556062434,0.0006757269447935047,0.0320884976945079
today,0.09351936531913596,0.0,0.06345270453981476,0.0027832303159572385,0.02058055440330529
told,0.0,0.01385160160452623,0.026071654553340238,0.01873988835097206,0.010740359785634585
took,0.010210290224018169,0.012112244208759726,0.042031371490386056,0.016744218070847916,0.014127607836259118
tool,0.02513207714270092,0.007498514341502965,0.012506616764185019,0.0,0.0041456681840324255
tools,0.03021889719007206,0.010137879336921923,0.015365048762101029,0.0,0.017861078420844192
topic,0.02456403812456815,0.006827219971737338,0.01285493702153686,0.005506951508881473,0.006380474041658925
totally,0.01921172462962324,0.014529978784307285,0.010961921663042311,0.009038467189155925,0.015075045260596765
tough,0.0,0.018378040744428413,0.011955328037949804,0.008865241317992855,0.0
trade,0.012714430247946502,0.0027618272177278016,0.030494234900033116,0.0,0.0
train,0.06552865210143995,0.014553239592449533,0.0,0.0033409386808848783,0.0
training,0.0642509719671748,0.04112483932701527,0.0034599011889769804,0.0,0.0
tried,0.015074814412581962,0.006759126286237307,0.023758053584023338,0.013026032148878264,0.007122125750955861
true,0.04137315679733553,0.011442329145289419,0.053476207821918385,0.010773656414579306,0.04895220673528866
truly,0.014261072373203123,0.011395420625422589,0.01382105349527356,0.0,0.015895098924312276
trump,0.0,0.012907597703211256,0.04994905933120662,0.0,0.0
trust,0.0244644248252376,0.009575593763879153,0.03763306086475085,0.0,0.0
truth,0.006843542656473901,0.002696473877699647,0.055699763676291016,0.0,0.017522249789923873
try,0.09168823841838829,0.039835321487086954,0.06324001163603432,0.005905007135232752,0.04733582244209127
trying,0.10122529852185372,0.053783905822588976,0.07095655643897711,0.01814504742892574,0.05437262171707273
turing,0.06409984155947662,0.0,0.0,0.020807401396048128,0.02642360739477403
turn,0.023373586649714832,0.010242044499814378,0.01684918550337213,0.012257307670779465,0.0163507104768129
turned,0.007472470027314874,0.005455025067133715,0.014219498725545492,0.0060141780254918615,0.012979859646313254
turns,0.020698070820135105,0.0004170978650437301,0.010867712168343544,0.016498021700984765,0.02254626973737215
twitter,0.019834859267963342,0.013717286424783438,0.04563098561323565,0.0,0.001767359843381521
type,0.048004124069586394,0.012695393267312933,0.01472003783447604,0.01444848896833215,0.02165429008448812
types,0.034863754770041756,0.008511138206946269,0.00712670336330383,0.0,0.008387247866938077
uh,0.0,0.0,0.0,0.6151096469027676,0.0
ukraine,0.0,0.0,0.09626427099378516,0.0,0.0
ultimately,0.034280228477574504,0.006340005619291393,0.028582680096294128,0.0,0.023417026440344508
um,0.0,0.01729421894860163,0.0,0.2996370299231522,0.0
understand,0.1186612227256366,0.01876537114286499,0.05986620170940323,0.018278566939398586,0.11428741264354245
understanding,0.08012163486630931,0.0,0.008391052031615383,0.01324637168058782,0.06448223198299546
union,0.0,0.0,0.04849555765678699,0.015686804627031956,0.0
unique,0.009811527615186727,0.006729652436417044,0.01096238021910791,0.004449763166559599,0.01743553497177561
united,0.0,0.0,0.1151394955996358,0.0,0.0
universe,0.0,0.0,0.0,0.0,0.30490550932128285
university,0.008669144312872518,0.0,0.03730228580128757,0.004444084394166756,0.007736988110092666
use,0.14589182841121323,0.035047829972411716,0.07677633237998488,0.007967099746562315,0.04496458414168092
used,0.053944828642551984,0.02456634619733475,0.04644252321615447,0.02020472121735469,0.018884593282760747
useful,0.0699154169188116,0.0053148234469748935,0.0,0.004094088189996746,0.042497085628884684
using,0.07522224009749254,0.012171302851033542,0.023901884152649072,0.008096642068159868,0.02358895417619996
usually,0.01539861884804964,0.02037320208226739,0.017681103140105202,0.0021230058287411806,0.010468120203587134
value,0.044219087666873484,0.007835602754231945,0.05644607484646747,0.0,0.009070231716791183
values,0.02502537535578965,0.0,0.028734176102933925,0.0,0.0038474691491377365
various,0.02515787406678364,0.0,0.019409680881053885,0.005681706338073901,0.014609420510512425
ve,0.16452772541362032,0.13494907176171297,0.2689510455845011,0.10057409619767983,0.157048228420696
version,0.024092443164400876,0.011845507174763915,0.008377712682113963,0.0,0.017852117438134914
versus,0.027116410178527724,0.021782822940147537,0.02189525823090663,0.0008183988548930522,0.00677407117080109
video,0.04784465354185846,0.030066592485579025,0.011889258564594074,0.0,0.0
videos,0.020093023428489665,0.01795923297601816,0.008247482445889603,0.0,0.0
view,0.03706241417205391,0.0,0.035344553301434906,0.0,0.0638211776669219
violence,0.0,0.0036577538598008127,0.0663566433383688,0.0,0.002232311642707336
virus,0.0,0.0,0.03848647343474557,0.10300211278091051,0.00029881878343711153
vision,0.10189146788375947,0.0009162356307609449,0.008714608091189366,0.0012225354927285922,0.0
visual,0.05359399847359712,0.00012099780441953053,0.0,0.012352530468258233,0.010040893058519965
voice,0.0064747337194504375,0.01802824377031432,0.019381010939553637,0.0072517741218152635,0.0
wait,0.0009673819568229748,0.017461759179887095,0.009935422561034529,0.011805425686514414,0.014442012455682468
walk,0.0026464372428755445,0.018486626672635773,0.01668523883507285,0.012011539066629906,0.003526576665923884
wanna,0.03192856725982626,0.06863890004172116,0.07050162629861195,0.0,0.0037245236230092453
want,0.13872666393514002,0.08914044194351588,0.18293299097381768,0.06334073796535365,0.04957626057801101
wanted,0.009122152996159838,0.022425502756189993,0.04439468288322187,0.03312739125631174,0.00425174785932561
wants,0.0060504611668921095,0.012640131570311297,0.030373168930712558,0.0021533682185365054,0.0006547234978180346
war,0.0,0.0,0.2012209797914676,0.003798374154862269,0.0
wasn,0.011698082948500613,0.027407468728269966,0.042478282043431466,0.02793644346548618,0.00759041788607074
watch,0.007413391256945107,0.01953670461786448,0.025211530857103547,0.00434042430772325,0.0021242334241098294
watching,0.004067801714752953,0.01638528938706844,0.012833401257883844,0.0045229937094403445,0.003696409945563131
water,0.0,0.015417575569525598,0.010413031291680976,0.013118550289053997,0.038707614009447396
way,0.29418171702356505,0.15749953149545323,0.27181204875492404,0.0915209842207101,0.25772954115046437
ways,0.07476227019065869,0.01627005543611712,0.055942048138152206,0.0,0.05262015307693565
weapons,0.0017324142016320525,0.0,0.040677464894712786,0.003504519782067495,0.008759060323829315
week,0.0,0.018855631195270704,0.01806968713009897,0.012606326453443667,0.0
weeks,0.0036962588186171003,0.007841815932149238,0.018114287527367007,0.009341710397133695,0.0005289388826394347
weight,0.0,0.02846863554651173,0.0034799671905895524,0.004252613306059788,0.0
weird,0.0,0.043555488285853636,0.004412520470606738,0.0076337113388411145,0.018769000963886704
went,0.0026272316543915477,0.037062745610071016,0.05414470920863877,0.03866275106674621,0.0041775586959857045
weren,0.00778178284734564,0.007332183425432334,0.02090605789607915,0.0021346676198772036,0.005513827927879274
white,0.0,0.011911183086949726,0.02680249278119515,0.011482672646644147,0.004854354066606868
willing,0.0033894725551395196,0.008580057766176546,0.026682295746689955,0.0007971681861368667,0.00505703465214223
win,0.0,0.028865287990234807,0.027140833056197643,0.013269328871124477,0.0
women,0.0,0.009588206728699932,0.04324655402073962,0.007948682390400868,0.0
won,0.005225896991319651,0.019683928586656924,0.03186068198105554,0.013582780534165137,0.013946277137186958
wonder,0.003660058583589755,0.02309733643430979,0.00783575274846298,0.0029832247734365223,0.01705913301749256
word,0.021471379390842194,0.01034744915173503,0.03550126019999622,0.004131273615059468,0.03291484557073068
words,0.01937837480891122,0.00976600402868196,0.041622114034304276,0.013297325760143558,0.025544972023791995
work,0.20609740470182447,0.0516466793637881,0.13134927221907225,0.007979449170838761,0.06146635285650681
worked,0.027738574241176227,0.007445373876253659,0.01931668542821371,0.018111671515976542,0.008620380855004007
working,0.06411099121498677,0.025573389005547793,0.03289361239201839,0.012791272891327494,0.013673372201338553
works,0.058566366175498964,0.006056124444616673,0.026290884247299907,0.010578905467151652,0.029816518247477553
world,0.2521701568384138,0.03762975900040951,0.27811303506278684,0.021924042531241913,0.12935066858184424
worried,0.0097100251694307,0.001623377836457717,0.02042942118136971,0.01296067598807522,0.007837346428122316
worry,0.020279320970092597,0.0,0.028054200807428036,0.008314853649772242,0.010301015752790573
worse,0.004540959231174644,0.008916970664998665,0.020691180772117932,0.002622609388736972,0.0021158531550917333
worst,0.006554043144469946,0.006844386872654652,0.020871315529588586,0.003949538102078988,0.0
worth,0.012724414139005545,0.00528614016908106,0.02440750097589622,0.0,0.008105649243631503
wouldn,0.022941864214794265,0.015665320630096822,0.026660457987355193,0.010758288878578109,0.024250939349918014
wow,0.006233048907958913,0.01617370180547748,0.00865439896313263,0.014322279239995607,0.01044630847119642
wrestling,0.0,0.020990194014895883,0.033350201998430765,0.0687305496067644,0.0
write,0.04568864762023287,0.008807499337315745,0.02191441035264472,0.03044851622221292,0.01783068797498155
writing,0.01509766713834937,0.013718849252934932,0.02152054149571151,0.02137670036258053,0.008748560683356776
written,0.019646925289212316,0.007115360698048427,0.017994069446484257,0.0170462796371875,0.010564967951518752
wrong,0.022116785155843578,0.01014592667152794,0.05824544415126325,0.015195423513534066,0.03387971344062343
wrote,0.01617709547536076,0.007483065435357917,0.025188520277463017,0.024509523122383338,0.017488206181993135
yeah,0.20167237521344047,0.45864219984041,0.06657606366625916,0.30338353288743486,0.16890597147623845
year,0.03683425545420862,0.022838346738682444,0.057053870659791485,0.013572601398637384,0.0035687453511055655
years,0.12083507277299384,0.021000515121567226,0.15281301490421165,0.039923307352889674,0.09072595175850336
yes,0.06552575632279414,0.012979164397859629,0.10069394445415032,0.03946267133201316,0.10768056314730795
york,0.0,0.0159430024939655,0.031227661010123295,0.0026192230156696747,0.0
young,0.0,0.01111060575262454,0.04628238022694481,0.010687596882438918,0.02308954345137267
youtube,0.03504087947800503,0.009916315300479322,0.023422299296060003,0.0,0.0062335845979600785
zero,0.019263463522697085,0.011737989938534843,0.015776630218684265,0.017129380296014712,0.016247217746553074
